,temp,hum
2010-01-01,4.8,33.0
2010-01-02,6.3,35.0
2010-01-03,5.7,41.0
2010-01-04,6.5,41.0
2010-01-05,7.3,49.0
2010-01-06,6.5,30.0
2010-01-07,7.3,35.0
2010-01-08,7.6,39.0
2010-01-09,7.2,34.0
2010-01-10,7.0,36.0
2010-01-11,5.3,49.0
2010-01-12,3.9,68.0
2010-01-13,5.3,44.0
2010-01-14,3.8,31.0
2010-01-15,4.6,37.0
2010-01-16,3.8,31.0
2010-01-17,4.9,29.0
2010-01-18,5.3,43.0
2010-01-19,8.4,51.0
2010-01-20,11.6,47.0
2010-01-21,13.0,51.0
2010-01-22,7.0,27.0
2010-01-23,6.3,37.0
2010-01-24,7.0,42.0
2010-01-25,8.2,42.0
2010-01-26,6.7,30.0
2010-01-27,7.2,41.0
2010-01-28,12.2,54.0
2010-01-29,8.9,55.0
2010-01-30,8.9,43.0
2010-01-31,9.2,53.0
2010-02-01,5.9,69.0
2010-02-02,4.2,64.0
2010-02-03,3.7,55.0
2010-02-04,2.9,53.0
2010-02-05,4.9,41.0
2010-02-06,3.2,37.0
2010-02-07,4.9,34.0
2010-02-08,6.3,42.0
2010-02-09,11.8,54.0
2010-02-10,8.5,71.0
2010-02-11,4.5,76.0
2010-02-12,3.5,66.0
2010-02-13,2.2,71.0
2010-02-14,4.6,57.0
2010-02-15,5.3,70.0
2010-02-16,3.9,65.0
2010-02-17,3.1,59.0
2010-02-18,3.5,67.0
2010-02-19,5.7,60.0
2010-02-20,7.0,43.0
2010-02-21,6.1,42.0
2010-02-22,6.5,58.0
2010-02-23,9.7,58.0
2010-02-24,12.0,62.0
2010-02-25,13.9,67.0
2010-02-26,16.9,72.0
2010-02-27,10.9,80.0
2010-02-28,6.4,76.0
2010-03-01,9.0,75.0
2010-03-02,5.3,72.0
2010-03-03,8.4,63.0
2010-03-04,7.6,61.0
2010-03-05,12.5,73.0
2010-03-06,11.4,80.0
2010-03-07,6.2,78.0
2010-03-08,5.5,60.0
2010-03-09,3.5,72.0
2010-03-10,5.3,77.0
2010-03-11,8.6,41.0
2010-03-12,10.3,51.0
2010-03-13,16.1,51.0
2010-03-14,10.7,47.0
2010-03-15,13.7,64.0
2010-03-16,15.5,69.0
2010-03-17,9.8,38.0
2010-03-18,9.6,59.0
2010-03-19,8.7,63.0
2010-03-20,15.2,61.0
2010-03-21,15.3,44.0
2010-03-22,9.8,38.0
2010-03-23,10.9,67.0
2010-03-24,6.9,78.0
2010-03-25,5.3,83.0
2010-03-26,7.9,60.0
2010-03-27,8.1,50.0
2010-03-28,5.5,59.0
2010-03-29,4.4,61.0
2010-03-30,5.9,36.0
2010-03-31,9.1,50.0
2010-04-01,14.7,56.0
2010-04-02,15.2,71.0
2010-04-03,11.1,40.0
2010-04-04,8.8,55.0
2010-04-05,9.4,83.0
2010-04-06,14.8,72.0
2010-04-07,11.6,71.0
2010-04-08,8.9,43.0
2010-04-09,11.1,51.0
2010-04-10,15.6,62.0
2010-04-11,17.2,62.0
2010-04-12,8.6,72.0
2010-04-13,15.1,73.0
2010-04-14,13.9,36.0
2010-04-15,6.9,70.0
2010-04-16,5.2,68.0
2010-04-17,6.3,73.0
2010-04-18,12.0,55.0
2010-04-19,15.2,55.0
2010-04-20,15.6,71.0
2010-04-21,18.8,62.0
2010-04-22,9.1,70.0
2010-04-23,8.2,82.0
2010-04-24,11.2,54.0
2010-04-25,12.7,44.0
2010-04-26,14.4,42.0
2010-04-27,12.7,65.0
2010-04-28,14.1,86.0
2010-04-29,18.2,56.0
2010-04-30,15.2,48.0
2010-05-01,16.4,45.0
2010-05-02,17.9,41.0
2010-05-03,19.0,51.0
2010-05-04,20.6,61.0
2010-05-05,21.9,64.0
2010-05-06,22.4,59.0
2010-05-07,20.4,77.0
2010-05-08,19.7,53.0
2010-05-09,20.7,44.0
2010-05-10,19.1,55.0
2010-05-11,17.1,77.0
2010-05-12,16.4,58.0
2010-05-13,16.5,33.0
2010-05-14,15.4,44.0
2010-05-15,15.1,49.0
2010-05-16,17.3,61.0
2010-05-17,20.7,61.0
2010-05-18,21.6,54.0
2010-05-19,20.3,70.0
2010-05-20,20.2,87.0
2010-05-21,24.3,55.0
2010-05-22,23.4,48.0
2010-05-23,18.3,75.0
2010-05-24,18.1,87.0
2010-05-25,23.5,60.0
2010-05-26,17.6,74.0
2010-05-27,17.6,71.0
2010-05-28,18.5,51.0
2010-05-29,15.6,67.0
2010-05-30,14.5,65.0
2010-05-31,17.4,55.0
2010-06-01,17.6,54.0
2010-06-02,19.1,53.0
2010-06-03,20.9,56.0
2010-06-04,22.1,58.0
2010-06-05,20.2,66.0
2010-06-06,21.4,55.0
2010-06-07,23.1,59.0
2010-06-08,21.4,61.0
2010-06-09,20.0,67.0
2010-06-10,22.6,60.0
2010-06-11,22.6,63.0
2010-06-12,24.5,65.0
2010-06-13,23.2,65.0
2010-06-14,18.6,83.0
2010-06-15,23.1,76.0
2010-06-16,25.8,75.0
2010-06-17,26.7,60.0
2010-06-18,24.4,76.0
2010-06-19,25.2,75.0
2010-06-20,26.2,70.0
2010-06-21,25.9,71.0
2010-06-22,26.1,72.0
2010-06-23,24.2,81.0
2010-06-24,25.1,60.0
2010-06-25,26.2,59.0
2010-06-26,26.2,72.0
2010-06-27,26.6,78.0
2010-06-28,28.0,76.0
2010-06-29,26.4,80.0
2010-06-30,25.6,74.0
2010-07-01,27.0,73.0
2010-07-02,26.6,71.0
2010-07-03,26.2,74.0
2010-07-04,27.2,78.0
2010-07-05,26.8,77.0
2010-07-06,27.1,76.0
2010-07-07,25.4,79.0
2010-07-08,26.4,75.0
2010-07-09,25.5,78.0
2010-07-10,27.3,64.0
2010-07-11,26.3,74.0
2010-07-12,27.4,75.0
2010-07-13,23.8,79.0
2010-07-14,26.1,75.0
2010-07-15,28.4,68.0
2010-07-16,28.5,70.0
2010-07-17,28.3,69.0
2010-07-18,28.3,68.0
2010-07-19,29.8,61.0
2010-07-20,30.8,62.0
2010-07-21,31.5,61.0
2010-07-22,31.4,60.0
2010-07-23,30.8,65.0
2010-07-24,30.8,63.0
2010-07-25,29.5,64.0
2010-07-26,28.6,71.0
2010-07-27,29.8,64.0
2010-07-28,30.0,59.0
2010-07-29,26.3,76.0
2010-07-30,26.8,82.0
2010-07-31,29.2,74.0
2010-08-01,29.8,71.0
2010-08-02,29.4,73.0
2010-08-03,29.5,69.0
2010-08-04,29.8,68.0
2010-08-05,30.0,68.0
2010-08-06,29.6,65.0
2010-08-07,29.2,63.0
2010-08-08,29.2,64.0
2010-08-09,26.3,77.0
2010-08-10,27.7,76.0
2010-08-11,28.9,72.0
2010-08-12,28.7,73.0
2010-08-13,28.3,70.0
2010-08-14,29.4,70.0
2010-08-15,31.4,65.0
2010-08-16,32.2,64.0
2010-08-17,32.3,60.0
2010-08-18,30.4,67.0
2010-08-19,28.7,71.0
2010-08-20,27.8,66.0
2010-08-21,28.6,66.0
2010-08-22,29.9,67.0
2010-08-23,30.3,68.0
2010-08-24,29.7,71.0
2010-08-25,30.1,65.0
2010-08-26,29.9,64.0
2010-08-27,30.0,66.0
2010-08-28,30.1,62.0
2010-08-29,30.2,62.0
2010-08-30,30.5,64.0
2010-08-31,30.8,63.0
2010-09-01,30.4,64.0
2010-09-02,30.1,61.0
2010-09-03,30.5,62.0
2010-09-04,31.2,51.0
2010-09-05,30.1,66.0
2010-09-06,29.8,67.0
2010-09-07,31.0,57.0
2010-09-08,25.8,79.0
2010-09-09,24.6,65.0
2010-09-10,26.0,62.0
2010-09-11,28.4,67.0
2010-09-12,28.1,71.0
2010-09-13,28.7,70.0
2010-09-14,25.8,69.0
2010-09-15,23.0,67.0
2010-09-16,20.6,86.0
2010-09-17,24.5,67.0
2010-09-18,25.9,59.0
2010-09-19,26.0,68.0
2010-09-20,25.9,73.0
2010-09-21,27.8,68.0
2010-09-22,28.1,68.0
2010-09-23,19.8,83.0
2010-09-24,18.3,65.0
2010-09-25,17.8,59.0
2010-09-26,19.3,56.0
2010-09-27,16.3,87.0
2010-09-28,18.9,85.0
2010-09-29,22.4,53.0
2010-09-30,19.2,79.0
2010-10-01,20.9,72.0
2010-10-02,21.2,64.0
2010-10-03,20.9,64.0
2010-10-04,20.4,80.0
2010-10-05,22.6,70.0
2010-10-06,22.0,64.0
2010-10-07,21.1,66.0
2010-10-08,20.9,65.0
2010-10-09,17.5,82.0
2010-10-10,19.8,85.0
2010-10-11,23.4,59.0
2010-10-12,22.5,76.0
2010-10-13,23.0,75.0
2010-10-14,21.4,69.0
2010-10-15,21.3,70.0
2010-10-16,21.4,62.0
2010-10-17,20.9,59.0
2010-10-18,19.4,54.0
2010-10-19,18.6,62.0
2010-10-20,18.9,65.0
2010-10-21,18.4,77.0
2010-10-22,17.7,63.0
2010-10-23,16.4,56.0
2010-10-24,15.4,70.0
2010-10-25,17.9,79.0
2010-10-26,16.7,70.0
2010-10-27,12.6,41.0
2010-10-28,10.0,73.0
2010-10-29,13.9,64.0
2010-10-30,12.3,81.0
2010-10-31,15.9,79.0
2010-11-01,16.6,82.0
2010-11-02,16.6,45.0
2010-11-03,14.6,39.0
2010-11-04,12.1,52.0
2010-11-05,13.9,54.0
2010-11-06,15.4,56.0
2010-11-07,14.9,61.0
2010-11-08,16.1,62.0
2010-11-09,16.8,43.0
2010-11-10,14.3,41.0
2010-11-11,14.1,43.0
2010-11-12,15.3,59.0
2010-11-13,16.2,51.0
2010-11-14,15.6,62.0
2010-11-15,11.9,67.0
2010-11-16,10.0,48.0
2010-11-17,8.8,72.0
2010-11-18,10.9,58.0
2010-11-19,11.7,53.0
2010-11-20,13.3,60.0
2010-11-21,14.1,67.0
2010-11-22,14.1,73.0
2010-11-23,13.8,68.0
2010-11-24,11.3,46.0
2010-11-25,10.6,60.0
2010-11-26,12.8,68.0
2010-11-27,12.1,58.0
2010-11-28,13.1,55.0
2010-11-29,12.3,39.0
2010-11-30,12.2,40.0
2010-12-01,13.5,48.0
2010-12-02,13.9,57.0
2010-12-03,17.0,63.0
2010-12-04,12.4,37.0
2010-12-05,11.7,53.0
2010-12-06,12.9,60.0
2010-12-07,12.2,57.0
2010-12-08,9.2,49.0
2010-12-09,9.1,45.0
2010-12-10,10.6,45.0
2010-12-11,13.1,54.0
2010-12-12,11.9,44.0
2010-12-13,8.2,72.0
2010-12-14,11.2,79.0
2010-12-15,10.6,54.0
2010-12-16,6.1,57.0
2010-12-17,7.0,49.0
2010-12-18,8.2,45.0
2010-12-19,7.4,47.0
2010-12-20,10.7,50.0
2010-12-21,9.9,58.0
2010-12-22,13.3,65.0
2010-12-23,12.1,37.0
2010-12-24,8.2,41.0
2010-12-25,5.6,36.0
2010-12-26,6.7,35.0
2010-12-27,7.2,30.0
2010-12-28,7.2,46.0
2010-12-29,8.1,40.0
2010-12-30,4.9,51.0
2010-12-31,5.8,39.0
2011-01-01,6.6,33.0
2011-01-02,7.0,41.0
2011-01-03,5.9,48.0
2011-01-04,6.3,40.0
2011-01-05,7.3,39.0
2011-01-06,6.5,34.0
2011-01-07,4.0,25.0
2011-01-08,5.9,33.0
2011-01-09,6.1,46.0
2011-01-10,3.4,27.0
2011-01-11,3.8,31.0
2011-01-12,5.1,37.0
2011-01-13,4.4,28.0
2011-01-14,3.8,36.0
2011-01-15,4.0,52.0
2011-01-16,2.2,39.0
2011-01-17,5.0,26.0
2011-01-18,5.5,36.0
2011-01-19,6.3,41.0
2011-01-20,5.4,31.0
2011-01-21,5.0,28.0
2011-01-22,6.0,34.0
2011-01-23,5.7,42.0
2011-01-24,5.1,65.0
2011-01-25,5.9,34.0
2011-01-26,5.3,37.0
2011-01-27,5.5,28.0
2011-01-28,3.7,30.0
2011-01-29,4.2,40.0
2011-01-30,2.9,34.0
2011-01-31,2.9,28.0
2011-02-01,5.9,30.0
2011-02-02,5.8,42.0
2011-02-03,7.4,46.0
2011-02-04,8.8,40.0
2011-02-05,8.1,48.0
2011-02-06,8.3,56.0
2011-02-07,8.2,42.0
2011-02-08,5.8,37.0
2011-02-09,5.0,70.0
2011-02-10,6.5,31.0
2011-02-11,2.0,74.0
2011-02-12,2.1,76.0
2011-02-13,4.7,41.0
2011-02-14,3.3,57.0
2011-02-15,5.3,58.0
2011-02-16,6.8,49.0
2011-02-17,10.0,59.0
2011-02-18,9.1,54.0
2011-02-19,6.1,41.0
2011-02-20,7.0,56.0
2011-02-21,7.1,51.0
2011-02-22,6.5,55.0
2011-02-23,8.4,57.0
2011-02-24,11.4,67.0
2011-02-25,14.1,49.0
2011-02-26,7.2,32.0
2011-02-27,10.4,47.0
2011-02-28,4.9,78.0
2011-03-01,5.8,73.0
2011-03-02,6.8,51.0
2011-03-03,4.4,29.0
2011-03-04,4.6,25.0
2011-03-05,7.4,35.0
2011-03-06,9.3,42.0
2011-03-07,4.5,74.0
2011-03-08,6.9,59.0
2011-03-09,7.4,45.0
2011-03-10,6.2,29.0
2011-03-11,6.5,34.0
2011-03-12,8.2,40.0
2011-03-13,11.3,49.0
2011-03-14,14.1,55.0
2011-03-15,10.9,58.0
2011-03-16,7.5,43.0
2011-03-17,4.6,24.0
2011-03-18,6.1,32.0
2011-03-19,12.3,41.0
2011-03-20,13.7,48.0
2011-03-21,9.6,75.0
2011-03-22,6.9,79.0
2011-03-23,6.4,63.0
2011-03-24,5.4,47.0
2011-03-25,8.1,52.0
2011-03-26,7.4,39.0
2011-03-27,7.4,31.0
2011-03-28,8.6,37.0
2011-03-29,10.9,42.0
2011-03-30,11.6,46.0
2011-03-31,9.7,49.0
2011-04-01,11.2,42.0
2011-04-02,13.4,43.0
2011-04-03,7.9,39.0
2011-04-04,9.0,35.0
2011-04-05,10.1,28.0
2011-04-06,13.7,35.0
2011-04-07,15.7,46.0
2011-04-08,17.2,50.0
2011-04-09,16.1,74.0
2011-04-10,13.7,57.0
2011-04-11,13.7,64.0
2011-04-12,11.4,29.0
2011-04-13,14.3,39.0
2011-04-14,16.7,41.0
2011-04-15,18.4,51.0
2011-04-16,18.6,53.0
2011-04-17,13.6,41.0
2011-04-18,14.9,55.0
2011-04-19,10.8,72.0
2011-04-20,10.9,53.0
2011-04-21,12.4,65.0
2011-04-22,15.5,64.0
2011-04-23,16.5,81.0
2011-04-24,16.1,47.0
2011-04-25,15.0,48.0
2011-04-26,16.2,41.0
2011-04-27,20.1,62.0
2011-04-28,19.8,49.0
2011-04-29,15.1,48.0
2011-04-30,17.6,54.0
2011-05-01,18.4,64.0
2011-05-02,19.6,42.0
2011-05-03,15.8,61.0
2011-05-04,17.3,59.0
2011-05-05,15.1,59.0
2011-05-06,16.0,65.0
2011-05-07,17.0,79.0
2011-05-08,20.6,55.0
2011-05-09,19.7,45.0
2011-05-10,22.8,63.0
2011-05-11,15.2,80.0
2011-05-12,15.6,85.0
2011-05-13,19.8,75.0
2011-05-14,20.1,47.0
2011-05-15,20.5,30.0
2011-05-16,20.3,47.0
2011-05-17,18.2,66.0
2011-05-18,19.4,59.0
2011-05-19,20.9,53.0
2011-05-20,22.0,56.0
2011-05-21,22.8,62.0
2011-05-22,20.8,71.0
2011-05-23,15.6,66.0
2011-05-24,14.6,71.0
2011-05-25,18.7,55.0
2011-05-26,19.3,65.0
2011-05-27,18.8,69.0
2011-05-28,18.4,88.0
2011-05-29,18.0,88.0
2011-05-30,17.4,70.0
2011-05-31,15.2,55.0
2011-06-01,15.2,57.0
2011-06-02,16.0,81.0
2011-06-03,19.8,70.0
2011-06-04,22.1,69.0
2011-06-05,22.2,70.0
2011-06-06,22.9,60.0
2011-06-07,21.6,68.0
2011-06-08,19.7,75.0
2011-06-09,21.8,64.0
2011-06-10,22.8,74.0
2011-06-11,22.2,79.0
2011-06-12,23.2,68.0
2011-06-13,20.9,79.0
2011-06-14,21.7,72.0
2011-06-15,21.3,58.0
2011-06-16,21.1,72.0
2011-06-17,19.2,85.0
2011-06-18,20.3,78.0
2011-06-19,21.8,75.0
2011-06-20,23.9,75.0
2011-06-21,25.5,70.0
2011-06-22,27.2,66.0
2011-06-23,28.2,66.0
2011-06-24,29.1,61.0
2011-06-25,24.3,70.0
2011-06-26,21.3,81.0
2011-06-27,22.3,83.0
2011-06-28,27.3,70.0
2011-06-29,29.8,60.0
2011-06-30,28.7,63.0
2011-07-01,28.7,63.0
2011-07-02,26.5,72.0
2011-07-03,27.6,69.0
2011-07-04,29.6,63.0
2011-07-05,28.0,67.0
2011-07-06,28.0,61.0
2011-07-07,26.8,69.0
2011-07-08,28.6,67.0
2011-07-09,29.4,67.0
2011-07-10,29.3,64.0
2011-07-11,29.2,67.0
2011-07-12,28.7,68.0
2011-07-13,28.6,65.0
2011-07-14,28.9,62.0
2011-07-15,29.4,60.0
2011-07-16,29.0,65.0
2011-07-17,29.6,62.0
2011-07-18,30.1,64.0
2011-07-19,27.9,78.0
2011-07-20,25.9,79.0
2011-07-21,20.7,68.0
2011-07-22,21.0,57.0
2011-07-23,23.1,62.0
2011-07-24,26.0,65.0
2011-07-25,27.6,66.0
2011-07-26,27.5,66.0
2011-07-27,28.3,66.0
2011-07-28,26.4,77.0
2011-07-29,26.5,78.0
2011-07-30,25.7,77.0
2011-07-31,23.5,77.0
2011-08-01,24.5,69.0
2011-08-02,25.5,69.0
2011-08-03,26.1,76.0
2011-08-04,27.4,73.0
2011-08-05,27.8,74.0
2011-08-06,29.0,70.0
2011-08-07,28.9,70.0
2011-08-08,29.3,67.0
2011-08-09,30.2,66.0
2011-08-10,30.5,67.0
2011-08-11,31.0,67.0
2011-08-12,31.2,58.0
2011-08-13,30.0,66.0
2011-08-14,30.0,68.0
2011-08-15,30.3,63.0
2011-08-16,30.3,66.0
2011-08-17,30.7,64.0
2011-08-18,31.9,59.0
2011-08-19,25.3,77.0
2011-08-20,23.7,72.0
2011-08-21,20.6,86.0
2011-08-22,21.2,85.0
2011-08-23,25.9,78.0
2011-08-24,28.1,72.0
2011-08-25,27.2,77.0
2011-08-26,26.2,78.0
2011-08-27,24.3,77.0
2011-08-28,25.6,68.0
2011-08-29,26.0,70.0
2011-08-30,26.3,65.0
2011-08-31,26.4,75.0
2011-09-01,28.5,75.0
2011-09-02,28.5,75.0
2011-09-03,28.0,74.0
2011-09-04,27.2,73.0
2011-09-05,26.5,76.0
2011-09-06,24.5,70.0
2011-09-07,24.9,60.0
2011-09-08,25.7,65.0
2011-09-09,27.8,65.0
2011-09-10,28.4,69.0
2011-09-11,27.7,72.0
2011-09-12,28.3,66.0
2011-09-13,28.3,66.0
2011-09-14,28.3,66.0
2011-09-15,28.3,66.0
2011-09-16,28.2,68.0
2011-09-17,28.0,73.0
2011-09-18,28.5,66.0
2011-09-19,25.7,72.0
2011-09-20,19.9,86.0
2011-09-21,22.2,82.0
2011-09-22,23.4,69.0
2011-09-23,20.3,61.0
2011-09-24,20.5,51.0
2011-09-25,20.2,59.0
2011-09-26,18.9,68.0
2011-09-27,20.2,61.0
2011-09-28,20.5,59.0
2011-09-29,21.9,58.0
2011-09-30,24.6,62.0
2011-10-01,22.2,51.0
2011-10-02,18.5,54.0
2011-10-03,18.8,36.0
2011-10-04,18.5,44.0
2011-10-05,15.9,80.0
2011-10-06,20.4,74.0
2011-10-07,21.1,43.0
2011-10-08,19.7,44.0
2011-10-09,20.1,62.0
2011-10-10,20.4,74.0
2011-10-11,21.2,60.0
2011-10-12,20.5,63.0
2011-10-13,20.5,59.0
2011-10-14,21.2,65.0
2011-10-15,24.3,75.0
2011-10-16,24.8,60.0
2011-10-17,21.5,62.0
2011-10-18,19.1,58.0
2011-10-19,15.9,60.0
2011-10-20,17.7,61.0
2011-10-21,18.3,72.0
2011-10-22,19.5,85.0
2011-10-23,22.7,76.0
2011-10-24,20.7,77.0
2011-10-25,21.8,64.0
2011-10-26,16.7,36.0
2011-10-27,15.2,45.0
2011-10-28,15.5,57.0
2011-10-29,16.0,62.0
2011-10-30,16.9,63.0
2011-10-31,18.7,60.0
2011-11-01,17.7,50.0
2011-11-02,17.2,63.0
2011-11-03,18.4,59.0
2011-11-04,18.4,68.0
2011-11-05,18.9,74.0
2011-11-06,18.1,84.0
2011-11-07,18.6,71.0
2011-11-08,15.7,61.0
2011-11-09,14.3,51.0
2011-11-10,14.1,57.0
2011-11-11,12.4,77.0
2011-11-12,16.4,73.0
2011-11-13,17.8,69.0
2011-11-14,16.9,64.0
2011-11-15,14.0,55.0
2011-11-16,12.6,41.0
2011-11-17,14.5,36.0
2011-11-18,12.6,55.0
2011-11-19,16.3,83.0
2011-11-20,17.4,68.0
2011-11-21,12.6,43.0
2011-11-22,11.1,45.0
2011-11-23,12.4,58.0
2011-11-24,13.3,47.0
2011-11-25,11.4,36.0
2011-11-26,10.9,41.0
2011-11-27,11.0,50.0
2011-11-28,12.1,53.0
2011-11-29,14.4,52.0
2011-11-30,14.6,66.0
2011-12-01,7.8,73.0
2011-12-02,6.1,65.0
2011-12-03,11.1,85.0
2011-12-04,13.4,41.0
2011-12-05,11.0,42.0
2011-12-06,8.0,56.0
2011-12-07,9.8,61.0
2011-12-08,8.0,70.0
2011-12-09,5.5,66.0
2011-12-10,7.3,44.0
2011-12-11,8.1,49.0
2011-12-12,9.7,54.0
2011-12-13,9.7,47.0
2011-12-14,7.9,56.0
2011-12-15,10.4,61.0
2011-12-16,9.0,46.0
2011-12-17,6.1,34.0
2011-12-18,7.0,41.0
2011-12-19,6.5,49.0
2011-12-20,7.0,38.0
2011-12-21,5.8,47.0
2011-12-22,5.8,57.0
2011-12-23,6.0,33.0
2011-12-24,5.5,38.0
2011-12-25,5.2,38.0
2011-12-26,4.9,32.0
2011-12-27,5.2,29.0
2011-12-28,6.2,31.0
2011-12-29,6.0,46.0
2011-12-30,6.2,29.0
2011-12-31,5.6,36.0
2012-01-01,5.7,43.0
2012-01-02,6.0,45.0
2012-01-03,6.6,29.0
2012-01-04,5.4,39.0
2012-01-05,5.5,28.0
2012-01-06,6.3,35.0
2012-01-07,5.7,33.0
2012-01-08,5.8,29.0
2012-01-09,5.9,44.0
2012-01-10,6.7,47.0
2012-01-11,5.8,46.0
2012-01-12,3.8,28.0
2012-01-13,5.6,39.0
2012-01-14,5.1,33.0
2012-01-15,4.5,38.0
2012-01-16,4.5,35.0
2012-01-17,4.9,39.0
2012-01-18,5.4,43.0
2012-01-19,6.2,50.0
2012-01-20,2.8,79.0
2012-01-21,3.4,77.0
2012-01-22,5.3,78.0
2012-01-23,5.0,77.0
2012-01-24,3.0,51.0
2012-01-25,4.1,53.0
2012-01-26,3.2,40.0
2012-01-27,3.2,42.0
2012-01-28,2.6,36.0
2012-01-29,2.9,29.0
2012-01-30,3.7,26.0
2012-01-31,4.1,35.0
2012-02-01,6.0,37.0
2012-02-02,2.6,24.0
2012-02-03,2.8,32.0
2012-02-04,5.5,33.0
2012-02-05,6.1,41.0
2012-02-06,4.9,67.0
2012-02-07,7.7,82.0
2012-02-08,6.6,40.0
2012-02-09,4.7,28.0
2012-02-10,5.7,42.0
2012-02-11,5.4,43.0
2012-02-12,5.0,33.0
2012-02-13,5.8,40.0
2012-02-14,5.2,73.0
2012-02-15,7.6,62.0
2012-02-16,3.3,54.0
2012-02-17,3.7,67.0
2012-02-18,2.5,41.0
2012-02-19,3.3,37.0
2012-02-20,5.8,41.0
2012-02-21,8.1,36.0
2012-02-22,7.9,53.0
2012-02-23,7.8,81.0
2012-02-24,11.5,42.0
2012-02-25,5.8,83.0
2012-02-26,6.0,49.0
2012-02-27,4.7,28.0
2012-02-28,3.7,41.0
2012-02-29,2.3,86.0
2012-03-01,8.2,76.0
2012-03-02,7.3,85.0
2012-03-03,7.1,65.0
2012-03-04,5.5,64.0
2012-03-05,5.7,91.0
2012-03-06,11.4,87.0
2012-03-07,12.6,72.0
2012-03-08,9.6,66.0
2012-03-09,7.3,89.0
2012-03-10,5.3,83.0
2012-03-11,7.4,69.0
2012-03-12,7.2,37.0
2012-03-13,6.8,34.0
2012-03-14,7.2,51.0
2012-03-15,7.9,45.0
2012-03-16,7.7,42.0
2012-03-17,6.8,84.0
2012-03-18,9.6,89.0
2012-03-19,9.1,40.0
2012-03-20,8.2,39.0
2012-03-21,8.1,27.0
2012-03-22,10.1,38.0
2012-03-23,9.9,70.0
2012-03-24,8.4,79.0
2012-03-25,9.1,45.0
2012-03-26,8.2,31.0
2012-03-27,9.6,40.0
2012-03-28,11.2,47.0
2012-03-29,11.7,37.0
2012-03-30,15.3,52.0
2012-03-31,14.1,60.0
2012-04-01,10.0,35.0
2012-04-02,10.8,46.0
2012-04-03,14.0,69.0
2012-04-04,11.9,30.0
2012-04-05,14.8,37.0
2012-04-06,10.7,49.0
2012-04-07,8.8,31.0
2012-04-08,9.5,40.0
2012-04-09,16.6,41.0
2012-04-10,16.4,47.0
2012-04-11,15.7,76.0
2012-04-12,17.4,59.0
2012-04-13,17.2,61.0
2012-04-14,9.9,87.0
2012-04-15,11.8,65.0
2012-04-16,13.1,64.0
2012-04-17,14.9,71.0
2012-04-18,15.0,64.0
2012-04-19,14.2,68.0
2012-04-20,13.3,66.0
2012-04-21,11.8,67.0
2012-04-22,11.3,77.0
2012-04-23,13.4,94.0
2012-04-24,18.3,72.0
2012-04-25,18.4,68.0
2012-04-26,18.3,77.0
2012-04-27,16.6,94.0
2012-04-28,18.3,78.0
2012-04-29,20.6,69.0
2012-04-30,20.7,74.0
2012-05-01,20.5,74.0
2012-05-02,18.8,84.0
2012-05-03,17.9,95.0
2012-05-04,18.6,87.0
2012-05-05,21.2,54.0
2012-05-06,19.7,70.0
2012-05-07,18.5,61.0
2012-05-08,20.5,63.0
2012-05-09,19.3,78.0
2012-05-10,17.1,65.0
2012-05-11,17.4,42.0
2012-05-12,16.3,38.0
2012-05-13,17.0,42.0
2012-05-14,19.7,62.0
2012-05-15,18.7,86.0
2012-05-16,22.0,58.0
2012-05-17,21.6,67.0
2012-05-18,18.8,58.0
2012-05-19,20.3,49.0
2012-05-20,21.3,54.0
2012-05-21,20.2,63.0
2012-05-22,14.6,85.0
2012-05-23,18.7,73.0
2012-05-24,22.0,65.0
2012-05-25,20.4,72.0
2012-05-26,21.0,56.0
2012-05-27,22.5,53.0
2012-05-28,21.4,67.0
2012-05-29,20.7,74.0
2012-05-30,20.1,67.0
2012-05-31,20.3,68.0
2012-06-01,21.3,73.0
2012-06-02,21.6,68.0
2012-06-03,20.3,74.0
2012-06-04,22.1,64.0
2012-06-05,21.7,69.0
2012-06-06,19.4,74.0
2012-06-07,21.1,67.0
2012-06-08,23.5,71.0
2012-06-09,19.0,90.0
2012-06-10,21.9,73.0
2012-06-11,20.0,74.0
2012-06-12,16.9,83.0
2012-06-13,17.4,75.0
2012-06-14,18.6,66.0
2012-06-15,20.3,68.0
2012-06-16,20.2,89.0
2012-06-17,23.3,80.0
2012-06-18,24.5,64.0
2012-06-19,23.9,84.0
2012-06-20,26.9,69.0
2012-06-21,23.7,72.0
2012-06-22,21.1,84.0
2012-06-23,22.2,73.0
2012-06-24,22.6,73.0
2012-06-25,18.4,72.0
2012-06-26,19.5,59.0
2012-06-27,20.6,64.0
2012-06-28,22.5,71.0
2012-06-29,23.4,68.0
2012-06-30,23.3,68.0
2012-07-01,21.9,73.0
2012-07-02,22.8,81.0
2012-07-03,23.5,82.0
2012-07-04,24.8,77.0
2012-07-05,26.7,74.0
2012-07-06,25.3,81.0
2012-07-07,23.0,91.0
2012-07-08,22.6,79.0
2012-07-09,24.9,69.0
2012-07-10,26.5,71.0
2012-07-11,27.0,73.0
2012-07-12,26.7,82.0
2012-07-13,27.4,81.0
2012-07-14,28.6,75.0
2012-07-15,29.1,71.0
2012-07-16,29.5,67.0
2012-07-17,29.9,68.0
2012-07-18,28.5,74.0
2012-07-19,28.2,70.0
2012-07-20,20.5,79.0
2012-07-21,19.6,82.0
2012-07-22,20.8,85.0
2012-07-23,25.1,76.0
2012-07-24,27.8,72.0
2012-07-25,29.5,71.0
2012-07-26,30.8,70.0
2012-07-27,30.0,74.0
2012-07-28,30.1,72.0
2012-07-29,29.5,74.0
2012-07-30,29.6,70.0
2012-07-31,29.0,68.0
2012-08-01,29.4,71.0
2012-08-02,30.2,66.0
2012-08-03,29.8,67.0
2012-08-04,28.6,74.0
2012-08-05,29.8,71.0
2012-08-06,27.4,82.0
2012-08-07,28.7,71.0
2012-08-08,25.8,66.0
2012-08-09,25.9,61.0
2012-08-10,27.1,69.0
2012-08-11,28.8,75.0
2012-08-12,27.6,79.0
2012-08-13,29.8,71.0
2012-08-14,28.6,76.0
2012-08-15,29.1,74.0
2012-08-16,30.1,69.0
2012-08-17,30.5,69.0
2012-08-18,28.0,77.0
2012-08-19,29.0,68.0
2012-08-20,29.1,67.0
2012-08-21,29.7,67.0
2012-08-22,29.6,70.0
2012-08-23,30.1,66.0
2012-08-24,30.0,63.0
2012-08-25,29.9,65.0
2012-08-26,30.1,63.0
2012-08-27,30.0,64.0
2012-08-28,29.6,65.0
2012-08-29,29.1,68.0
2012-08-30,30.2,69.0
2012-08-31,29.6,70.0
2012-09-01,27.9,72.0
2012-09-02,25.8,81.0
2012-09-03,26.9,73.0
2012-09-04,27.3,78.0
2012-09-05,28.6,69.0
2012-09-06,27.3,76.0
2012-09-07,27.6,69.0
2012-09-08,28.1,74.0
2012-09-09,28.8,68.0
2012-09-10,28.9,68.0
2012-09-11,28.7,64.0
2012-09-12,28.1,61.0
2012-09-13,28.8,62.0
2012-09-14,28.8,66.0
2012-09-15,28.3,72.0
2012-09-16,28.3,75.0
2012-09-17,27.9,78.0
2012-09-18,28.0,77.0
2012-09-19,26.7,84.0
2012-09-20,27.6,72.0
2012-09-21,24.7,79.0
2012-09-22,22.3,82.0
2012-09-23,20.3,89.0
2012-09-24,23.2,72.0
2012-09-25,20.4,80.0
2012-09-26,21.8,66.0
2012-09-27,21.2,61.0
2012-09-28,22.3,70.0
2012-09-29,24.9,74.0
2012-09-30,25.7,75.0
2012-10-01,26.9,63.0
2012-10-02,23.7,75.0
2012-10-03,20.7,83.0
2012-10-04,22.5,70.0
2012-10-05,23.8,74.0
2012-10-06,24.0,78.0
2012-10-07,19.1,79.0
2012-10-08,19.8,65.0
2012-10-09,19.1,63.0
2012-10-10,19.2,65.0
2012-10-11,20.8,72.0
2012-10-12,20.9,50.0
2012-10-13,20.7,39.0
2012-10-14,17.9,67.0
2012-10-15,21.0,62.0
2012-10-16,19.1,51.0
2012-10-17,17.7,74.0
2012-10-18,17.8,87.0
2012-10-19,16.3,64.0
2012-10-20,18.1,56.0
2012-10-21,19.1,58.0
2012-10-22,19.8,64.0
2012-10-23,20.5,74.0
2012-10-24,17.2,39.0
2012-10-25,16.6,55.0
2012-10-26,18.3,60.0
2012-10-27,18.0,60.0
2012-10-28,15.4,79.0
2012-10-29,17.7,61.0
2012-10-30,15.5,54.0
2012-10-31,14.9,65.0
2012-11-01,15.3,62.0
2012-11-02,14.9,42.0
2012-11-03,14.0,41.0
2012-11-04,14.9,41.0
2012-11-05,13.5,63.0
2012-11-06,14.0,94.0
2012-11-07,16.5,69.0
2012-11-08,15.6,53.0
2012-11-09,16.5,45.0
2012-11-10,15.7,47.0
2012-11-11,13.2,78.0
2012-11-12,15.3,86.0
2012-11-13,14.9,62.0
2012-11-14,13.6,45.0
2012-11-15,11.7,42.0
2012-11-16,13.3,49.0
2012-11-17,13.7,75.0
2012-11-18,12.7,49.0
2012-11-19,8.6,59.0
2012-11-20,11.8,54.0
2012-11-21,11.4,40.0
2012-11-22,10.9,57.0
2012-11-23,10.3,75.0
2012-11-24,10.5,62.0
2012-11-25,9.4,55.0
2012-11-26,8.8,72.0
2012-11-27,11.0,40.0
2012-11-28,7.2,58.0
2012-11-29,10.1,65.0
2012-11-30,10.5,74.0
2012-12-01,7.3,68.0
2012-12-02,5.6,55.0
2012-12-03,6.7,76.0
2012-12-04,9.9,72.0
2012-12-05,9.8,50.0
2012-12-06,11.9,44.0
2012-12-07,8.4,43.0
2012-12-08,9.3,42.0
2012-12-09,6.6,33.0
2012-12-10,5.4,36.0
2012-12-11,6.7,35.0
2012-12-12,7.2,37.0
2012-12-13,7.1,39.0
2012-12-14,7.3,48.0
2012-12-15,7.2,71.0
2012-12-16,12.0,52.0
2012-12-17,7.9,69.0
2012-12-18,10.4,64.0
2012-12-19,6.1,33.0
2012-12-20,6.6,33.0
2012-12-21,6.8,47.0
2012-12-22,6.8,69.0
2012-12-23,7.1,49.0
2012-12-24,5.1,39.0
2012-12-25,4.5,51.0
2012-12-26,4.4,37.0
2012-12-27,3.9,40.0
2012-12-28,4.2,60.0
2012-12-29,7.5,74.0
2012-12-30,7.2,90.0
2012-12-31,8.8,48.0
2013-01-01,6.5,45.0
2013-01-02,10.0,41.0
2013-01-03,5.6,33.0
2013-01-04,3.2,31.0
2013-01-05,2.8,44.0
2013-01-06,4.7,45.0
2013-01-07,5.5,45.0
2013-01-08,6.6,58.0
2013-01-09,6.7,69.0
2013-01-10,5.5,44.0
2013-01-11,5.1,36.0
2013-01-12,4.6,45.0
2013-01-13,7.6,46.0
2013-01-14,3.5,85.0
2013-01-15,4.4,53.0
2013-01-16,3.6,59.0
2013-01-17,4.3,54.0
2013-01-18,3.3,36.0
2013-01-19,5.2,42.0
2013-01-20,6.1,42.0
2013-01-21,6.5,50.0
2013-01-22,6.2,71.0
2013-01-23,6.5,53.0
2013-01-24,6.0,74.0
2013-01-25,6.8,49.0
2013-01-26,3.8,36.0
2013-01-27,4.8,29.0
2013-01-28,5.4,44.0
2013-01-29,7.1,36.0
2013-01-30,8.1,36.0
2013-01-31,5.8,41.0
2013-02-01,7.9,60.0
2013-02-02,15.6,73.0
2013-02-03,9.9,37.0
2013-02-04,10.1,53.0
2013-02-05,9.5,36.0
2013-02-06,3.4,84.0
2013-02-07,7.1,71.0
2013-02-08,4.7,34.0
2013-02-09,4.4,32.0
2013-02-10,5.4,43.0
2013-02-11,5.0,39.0
2013-02-12,4.1,49.0
2013-02-13,6.7,55.0
2013-02-14,7.3,52.0
2013-02-15,5.4,70.0
2013-02-16,3.1,37.0
2013-02-17,4.1,32.0
2013-02-18,5.2,53.0
2013-02-19,5.5,45.0
2013-02-20,4.4,34.0
2013-02-21,4.5,29.0
2013-02-22,5.5,42.0
2013-02-23,6.2,33.0
2013-02-24,3.6,35.0
2013-02-25,3.0,27.0
2013-02-26,5.5,40.0
2013-02-27,5.5,78.0
2013-02-28,9.9,62.0
2013-03-01,13.6,65.0
2013-03-02,8.7,31.0
2013-03-03,6.8,35.0
2013-03-04,6.4,54.0
2013-03-05,8.4,57.0
2013-03-06,11.0,40.0
2013-03-07,13.5,52.0
2013-03-08,17.7,41.0
2013-03-09,16.7,43.0
2013-03-10,13.6,48.0
2013-03-11,7.9,25.0
2013-03-12,10.7,42.0
2013-03-13,17.2,60.0
2013-03-14,8.3,58.0
2013-03-15,9.2,54.0
2013-03-16,12.5,46.0
2013-03-17,12.9,42.0
2013-03-18,18.3,65.0
2013-03-19,19.7,66.0
2013-03-20,17.4,64.0
2013-03-21,11.7,33.0
2013-03-22,13.2,46.0
2013-03-23,13.7,57.0
2013-03-24,11.0,68.0
2013-03-25,9.8,76.0
2013-03-26,9.4,38.0
2013-03-27,8.3,79.0
2013-03-28,15.0,74.0
2013-03-29,16.0,75.0
2013-03-30,9.0,72.0
2013-03-31,7.4,84.0
2013-04-01,11.2,61.0
2013-04-02,10.6,89.0
2013-04-03,13.7,76.0
2013-04-04,17.2,58.0
2013-04-05,18.1,67.0
2013-04-06,17.4,77.0
2013-04-07,17.7,59.0
2013-04-08,14.7,27.0
2013-04-09,16.9,43.0
2013-04-10,13.6,54.0
2013-04-11,9.7,64.0
2013-04-12,11.4,49.0
2013-04-13,12.3,50.0
2013-04-14,16.6,50.0
2013-04-15,17.2,54.0
2013-04-16,16.4,55.0
2013-04-17,20.9,57.0
2013-04-18,19.9,67.0
2013-04-19,14.5,43.0
2013-04-20,9.2,56.0
2013-04-21,7.4,77.0
2013-04-22,11.8,32.0
2013-04-23,14.3,42.0
2013-04-24,16.8,74.0
2013-04-25,18.0,49.0
2013-04-26,17.5,61.0
2013-04-27,15.8,34.0
2013-04-28,16.8,28.0
2013-04-29,17.9,39.0
2013-04-30,19.6,62.0
2013-05-01,14.5,64.0
2013-05-02,14.6,40.0
2013-05-03,14.8,44.0
2013-05-04,16.2,54.0
2013-05-05,18.1,48.0
2013-05-06,20.1,52.0
2013-05-07,15.5,31.0
2013-05-08,17.3,29.0
2013-05-09,19.5,47.0
2013-05-10,22.4,54.0
2013-05-11,18.9,82.0
2013-05-12,19.9,72.0
2013-05-13,19.2,76.0
2013-05-14,22.8,65.0
2013-05-15,20.7,70.0
2013-05-16,20.5,66.0
2013-05-17,18.0,61.0
2013-05-18,19.9,63.0
2013-05-19,20.1,63.0
2013-05-20,19.1,93.0
2013-05-21,23.2,72.0
2013-05-22,22.3,70.0
2013-05-23,22.5,52.0
2013-05-24,22.2,47.0
2013-05-25,18.2,67.0
2013-05-26,21.7,71.0
2013-05-27,22.3,64.0
2013-05-28,22.2,65.0
2013-05-29,22.0,71.0
2013-05-30,21.4,88.0
2013-05-31,22.6,56.0
2013-06-01,20.3,59.0
2013-06-02,18.3,66.0
2013-06-03,20.0,62.0
2013-06-04,23.2,61.0
2013-06-05,22.8,69.0
2013-06-06,22.6,66.0
2013-06-07,22.2,65.0
2013-06-08,22.3,65.0
2013-06-09,23.6,65.0
2013-06-10,23.6,69.0
2013-06-11,21.4,76.0
2013-06-12,21.1,90.0
2013-06-13,21.4,93.0
2013-06-14,23.5,88.0
2013-06-15,26.0,77.0
2013-06-16,22.9,86.0
2013-06-17,24.6,77.0
2013-06-18,26.9,73.0
2013-06-19,26.7,75.0
2013-06-20,22.3,88.0
2013-06-21,21.8,88.0
2013-06-22,22.8,75.0
2013-06-23,23.4,75.0
2013-06-24,23.3,76.0
2013-06-25,24.1,76.0
2013-06-26,21.8,87.0
2013-06-27,23.0,65.0
2013-06-28,22.4,72.0
2013-06-29,24.0,71.0
2013-06-30,24.2,73.0
2013-07-01,23.8,71.0
2013-07-02,24.3,66.0
2013-07-03,24.1,72.0
2013-07-04,25.2,83.0
2013-07-05,26.8,82.0
2013-07-06,29.2,71.0
2013-07-07,29.5,73.0
2013-07-08,29.4,72.0
2013-07-09,30.1,69.0
2013-07-10,30.2,69.0
2013-07-11,30.3,69.0
2013-07-12,30.9,65.0
2013-07-13,30.7,66.0
2013-07-14,29.3,71.0
2013-07-15,28.5,65.0
2013-07-16,25.3,67.0
2013-07-17,24.6,77.0
2013-07-18,27.7,75.0
2013-07-19,25.4,67.0
2013-07-20,23.9,66.0
2013-07-21,24.8,62.0
2013-07-22,26.5,77.0
2013-07-23,28.0,76.0
2013-07-24,25.4,85.0
2013-07-25,26.7,80.0
2013-07-26,28.4,76.0
2013-07-27,27.6,77.0
2013-07-28,27.3,71.0
2013-07-29,26.3,83.0
2013-07-30,27.8,78.0
2013-07-31,27.4,77.0
2013-08-01,27.5,80.0
2013-08-02,25.6,73.0
2013-08-03,26.7,68.0
2013-08-04,27.8,75.0
2013-08-05,29.1,74.0
2013-08-06,28.7,80.0
2013-08-07,30.0,66.0
2013-08-08,30.3,69.0
2013-08-09,31.0,75.0
2013-08-10,33.2,67.0
2013-08-11,32.9,61.0
2013-08-12,31.3,67.0
2013-08-13,30.0,66.0
2013-08-14,30.2,62.0
2013-08-15,30.0,67.0
2013-08-16,29.7,71.0
2013-08-17,29.6,67.0
2013-08-18,29.6,67.0
2013-08-19,30.3,67.0
2013-08-20,30.5,67.0
2013-08-21,29.1,78.0
2013-08-22,28.5,78.0
2013-08-23,28.2,83.0
2013-08-24,29.0,69.0
2013-08-25,25.5,76.0
2013-08-26,26.7,65.0
2013-08-27,25.4,69.0
2013-08-28,27.8,57.0
2013-08-29,28.3,66.0
2013-08-30,31.4,62.0
2013-08-31,30.8,66.0
2013-09-01,30.4,68.0
2013-09-02,29.0,70.0
2013-09-03,29.6,69.0
2013-09-04,27.9,82.0
2013-09-05,27.5,84.0
2013-09-06,26.0,75.0
2013-09-07,25.9,75.0
2013-09-08,25.2,85.0
2013-09-09,24.6,70.0
2013-09-10,24.8,70.0
2013-09-11,24.7,77.0
2013-09-12,27.6,66.0
2013-09-13,28.2,73.0
2013-09-14,28.6,73.0
2013-09-15,26.7,85.0
2013-09-16,26.5,69.0
2013-09-17,23.5,46.0
2013-09-18,23.7,54.0
2013-09-19,23.9,56.0
2013-09-20,24.9,64.0
2013-09-21,25.6,67.0
2013-09-22,25.3,69.0
2013-09-23,22.0,65.0
2013-09-24,22.7,77.0
2013-09-25,23.3,92.0
2013-09-26,22.1,71.0
2013-09-27,19.8,47.0
2013-09-28,20.3,59.0
2013-09-29,22.2,59.0
2013-09-30,22.2,65.0
2013-10-01,22.3,81.0
2013-10-02,23.4,88.0
2013-10-03,24.5,71.0
2013-10-04,18.3,76.0
2013-10-05,17.8,93.0
2013-10-06,21.4,89.0
2013-10-07,23.6,81.0
2013-10-08,25.4,76.0
2013-10-09,26.1,73.0
2013-10-10,25.0,75.0
2013-10-11,25.7,73.0
2013-10-12,26.1,55.0
2013-10-13,21.6,35.0
2013-10-14,20.8,55.0
2013-10-15,18.2,85.0
2013-10-16,20.1,61.0
2013-10-17,18.0,49.0
2013-10-18,17.2,58.0
2013-10-19,16.2,70.0
2013-10-20,15.2,92.0
2013-10-21,18.4,80.0
2013-10-22,18.6,74.0
2013-10-23,17.5,71.0
2013-10-24,16.0,83.0
2013-10-25,18.0,93.0
2013-10-26,15.4,84.0
2013-10-27,16.6,53.0
2013-10-28,16.1,56.0
2013-10-29,14.7,79.0
2013-10-30,18.0,69.0
2013-10-31,17.8,55.0
2013-11-01,17.2,56.0
2013-11-02,15.4,76.0
2013-11-03,17.4,74.0
2013-11-04,16.6,76.0
2013-11-05,16.0,51.0
2013-11-06,16.0,59.0
2013-11-07,15.0,81.0
2013-11-08,16.5,50.0
2013-11-09,13.3,66.0
2013-11-10,16.6,73.0
2013-11-11,12.5,56.0
2013-11-12,9.6,50.0
2013-11-13,9.8,46.0
2013-11-14,10.8,51.0
2013-11-15,11.3,67.0
2013-11-16,12.9,62.0
2013-11-17,14.1,62.0
2013-11-18,14.4,54.0
2013-11-19,12.7,35.0
2013-11-20,12.2,38.0
2013-11-21,12.0,46.0
2013-11-22,12.4,51.0
2013-11-23,12.6,50.0
2013-11-24,12.6,51.0
2013-11-25,14.5,66.0
2013-11-26,15.1,51.0
2013-11-27,12.9,43.0
2013-11-28,14.0,43.0
2013-11-29,9.8,34.0
2013-11-30,10.2,46.0
2013-12-01,10.4,59.0
2013-12-02,10.8,59.0
2013-12-03,11.7,53.0
2013-12-04,11.5,68.0
2013-12-05,11.6,59.0
2013-12-06,12.5,53.0
2013-12-07,11.1,47.0
2013-12-08,8.8,46.0
2013-12-09,8.2,48.0
2013-12-10,9.5,60.0
2013-12-11,10.1,45.0
2013-12-12,9.9,34.0
2013-12-13,9.7,43.0
2013-12-14,7.6,42.0
2013-12-15,7.2,43.0
2013-12-16,8.2,32.0
2013-12-17,9.2,41.0
2013-12-18,6.6,65.0
2013-12-19,6.3,89.0
2013-12-20,6.1,82.0
2013-12-21,6.8,64.0
2013-12-22,7.6,43.0
2013-12-23,6.4,47.0
2013-12-24,7.6,39.0
2013-12-25,6.7,45.0
2013-12-26,6.3,59.0
2013-12-27,7.0,66.0
2013-12-28,5.4,32.0
2013-12-29,4.9,39.0
2013-12-30,5.4,48.0
2013-12-31,6.9,54.0
2014-01-01,9.6,48.0
2014-01-02,7.3,46.0
2014-01-03,5.9,44.0
2014-01-04,6.5,48.0
2014-01-05,5.4,37.0
2014-01-06,5.3,37.0
2014-01-07,5.5,46.0
2014-01-08,7.3,59.0
2014-01-09,7.2,59.0
2014-01-10,3.6,30.0
2014-01-11,4.3,46.0
2014-01-12,5.3,52.0
2014-01-13,5.1,35.0
2014-01-14,4.2,31.0
2014-01-15,3.0,44.0
2014-01-16,4.8,47.0
2014-01-17,5.8,41.0
2014-01-18,5.2,44.0
2014-01-19,4.2,40.0
2014-01-20,4.8,42.0
2014-01-21,6.3,50.0
2014-01-22,5.5,51.0
2014-01-23,6.5,35.0
2014-01-24,7.2,49.0
2014-01-25,8.4,54.0
2014-01-26,9.5,49.0
2014-01-27,4.6,35.0
2014-01-28,8.8,39.0
2014-01-29,8.9,43.0
2014-01-30,10.3,69.0
2014-01-31,9.9,44.0
2014-02-01,7.9,52.0
2014-02-02,9.3,66.0
2014-02-03,12.8,70.0
2014-02-04,5.0,75.0
2014-02-05,1.6,35.0
2014-02-06,2.7,33.0
2014-02-07,4.0,37.0
2014-02-08,0.3,86.0
2014-02-09,5.4,58.0
2014-02-10,6.0,38.0
2014-02-11,3.3,51.0
2014-02-12,4.8,49.0
2014-02-13,5.3,47.0
2014-02-14,1.4,83.0
2014-02-15,3.9,79.0
2014-02-16,6.9,43.0
2014-02-17,7.3,36.0
2014-02-18,4.7,34.0
2014-02-19,4.7,37.0
2014-02-20,4.6,44.0
2014-02-21,5.5,35.0
2014-02-22,5.1,35.0
2014-02-23,5.6,48.0
2014-02-24,6.3,50.0
2014-02-25,8.2,48.0
2014-02-26,10.0,47.0
2014-02-27,10.0,78.0
2014-02-28,13.8,62.0
2014-03-01,8.9,79.0
2014-03-02,5.6,89.0
2014-03-03,6.6,57.0
2014-03-04,6.9,47.0
2014-03-05,6.5,85.0
2014-03-06,5.4,31.0
2014-03-07,4.4,35.0
2014-03-08,5.9,36.0
2014-03-09,6.4,47.0
2014-03-10,4.9,37.0
2014-03-11,6.1,35.0
2014-03-12,11.0,43.0
2014-03-13,12.3,79.0
2014-03-14,10.1,47.0
2014-03-15,8.3,41.0
2014-03-16,10.8,49.0
2014-03-17,12.1,50.0
2014-03-18,15.4,62.0
2014-03-19,11.2,43.0
2014-03-20,8.1,83.0
2014-03-21,10.1,38.0
2014-03-22,9.3,37.0
2014-03-23,11.6,37.0
2014-03-24,13.6,37.0
2014-03-25,16.6,43.0
2014-03-26,16.4,57.0
2014-03-27,12.6,79.0
2014-03-28,14.8,52.0
2014-03-29,17.7,50.0
2014-03-30,16.5,79.0
2014-03-31,15.7,32.0
2014-04-01,13.9,34.0
2014-04-02,15.2,54.0
2014-04-03,13.8,90.0
2014-04-04,15.3,69.0
2014-04-05,11.4,42.0
2014-04-06,9.0,57.0
2014-04-07,11.4,44.0
2014-04-08,15.8,48.0
2014-04-09,15.5,54.0
2014-04-10,16.1,50.0
2014-04-11,12.9,26.0
2014-04-12,14.6,19.0
2014-04-13,14.4,33.0
2014-04-14,14.0,55.0
2014-04-15,16.3,53.0
2014-04-16,18.7,45.0
2014-04-17,17.7,57.0
2014-04-18,11.8,78.0
2014-04-19,11.7,61.0
2014-04-20,11.0,64.0
2014-04-21,13.4,87.0
2014-04-22,15.2,78.0
2014-04-23,16.2,54.0
2014-04-24,16.6,54.0
2014-04-25,17.8,56.0
2014-04-26,18.2,58.0
2014-04-27,18.1,56.0
2014-04-28,18.6,52.0
2014-04-29,17.8,67.0
2014-04-30,16.7,89.0
2014-05-01,20.6,72.0
2014-05-02,21.0,62.0
2014-05-03,21.3,56.0
2014-05-04,18.6,31.0
2014-05-05,18.1,71.0
2014-05-06,14.3,73.0
2014-05-07,16.5,60.0
2014-05-08,18.7,65.0
2014-05-09,19.3,59.0
2014-05-10,19.8,32.0
2014-05-11,20.6,34.0
2014-05-12,19.6,56.0
2014-05-13,19.3,85.0
2014-05-14,21.9,69.0
2014-05-15,19.9,69.0
2014-05-16,21.5,44.0
2014-05-17,21.1,38.0
2014-05-18,20.5,49.0
2014-05-19,21.1,61.0
2014-05-20,21.7,66.0
2014-05-21,17.5,87.0
2014-05-22,18.6,71.0
2014-05-23,17.8,66.0
2014-05-24,20.6,66.0
2014-05-25,22.7,68.0
2014-05-26,21.3,73.0
2014-05-27,21.4,80.0
2014-05-28,22.7,71.0
2014-05-29,23.1,68.0
2014-05-30,24.1,64.0
2014-05-31,25.6,59.0
2014-06-01,26.6,54.0
2014-06-02,25.5,60.0
2014-06-03,24.0,70.0
2014-06-04,24.3,65.0
2014-06-05,21.2,77.0
2014-06-06,19.9,90.0
2014-06-07,18.4,93.0
2014-06-08,20.5,90.0
2014-06-09,22.9,82.0
2014-06-10,23.5,79.0
2014-06-11,22.2,88.0
2014-06-12,22.0,89.0
2014-06-13,24.9,69.0
2014-06-14,24.7,56.0
2014-06-15,24.4,60.0
2014-06-16,25.0,62.0
2014-06-17,24.3,71.0
2014-06-18,23.2,72.0
2014-06-19,24.8,58.0
2014-06-20,24.6,65.0
2014-06-21,24.6,73.0
2014-06-22,22.5,82.0
2014-06-23,24.2,69.0
2014-06-24,22.6,82.0
2014-06-25,22.6,82.0
2014-06-26,23.6,74.0
2014-06-27,23.9,79.0
2014-06-28,22.8,88.0
2014-06-29,23.3,87.0
2014-06-30,23.6,76.0
2014-07-01,25.3,71.0
2014-07-02,25.8,68.0
2014-07-03,24.8,76.0
2014-07-04,21.6,89.0
2014-07-05,22.0,84.0
2014-07-06,24.2,73.0
2014-07-07,23.4,89.0
2014-07-08,26.8,68.0
2014-07-09,24.2,88.0
2014-07-10,26.6,84.0
2014-07-11,28.5,78.0
2014-07-12,29.2,63.0
2014-07-13,26.9,76.0
2014-07-14,28.5,72.0
2014-07-15,28.2,67.0
2014-07-16,28.0,74.0
2014-07-17,27.1,74.0
2014-07-18,24.9,81.0
2014-07-19,23.8,84.0
2014-07-20,24.5,81.0
2014-07-21,25.0,80.0
2014-07-22,27.7,75.0
2014-07-23,29.4,71.0
2014-07-24,29.9,72.0
2014-07-25,30.5,66.0
2014-07-26,30.5,72.0
2014-07-27,30.1,69.0
2014-07-28,27.7,57.0
2014-07-29,27.6,61.0
2014-07-30,27.9,69.0
2014-07-31,29.5,70.0
2014-08-01,29.8,71.0
2014-08-02,30.9,63.0
2014-08-03,31.0,61.0
2014-08-04,30.5,64.0
2014-08-05,31.1,64.0
2014-08-06,30.8,64.0
2014-08-07,29.7,65.0
2014-08-08,29.0,67.0
2014-08-09,25.4,80.0
2014-08-10,26.3,86.0
2014-08-11,29.4,69.0
2014-08-12,26.3,79.0
2014-08-13,26.7,76.0
2014-08-14,27.1,86.0
2014-08-15,29.5,73.0
2014-08-16,27.0,80.0
2014-08-17,26.2,81.0
2014-08-18,29.1,72.0
2014-08-19,30.3,67.0
2014-08-20,31.1,70.0
2014-08-21,30.5,71.0
2014-08-22,30.2,71.0
2014-08-23,27.6,71.0
2014-08-24,28.4,68.0
2014-08-25,27.0,74.0
2014-08-26,25.2,81.0
2014-08-27,21.2,87.0
2014-08-28,21.1,91.0
2014-08-29,23.3,82.0
2014-08-30,22.6,80.0
2014-08-31,23.2,78.0
2014-09-01,21.8,89.0
2014-09-02,24.5,73.0
2014-09-03,24.1,72.0
2014-09-04,25.2,72.0
2014-09-05,27.8,75.0
2014-09-06,27.3,77.0
2014-09-07,21.7,86.0
2014-09-08,22.1,82.0
2014-09-09,23.5,73.0
2014-09-10,23.4,78.0
2014-09-11,21.8,85.0
2014-09-12,23.5,65.0
2014-09-13,23.1,65.0
2014-09-14,23.8,63.0
2014-09-15,24.1,65.0
2014-09-16,25.1,69.0
2014-09-17,23.3,64.0
2014-09-18,22.3,49.0
2014-09-19,22.3,45.0
2014-09-20,20.5,63.0
2014-09-21,21.3,59.0
2014-09-22,22.6,62.0
2014-09-23,22.1,57.0
2014-09-24,22.4,75.0
2014-09-25,24.4,78.0
2014-09-26,22.9,64.0
2014-09-27,20.2,65.0
2014-09-28,21.7,64.0
2014-09-29,23.5,54.0
2014-09-30,24.7,60.0
2014-10-01,21.2,78.0
2014-10-02,21.7,78.0
2014-10-03,25.7,70.0
2014-10-04,24.2,63.0
2014-10-05,17.2,89.0
2014-10-06,21.3,76.0
2014-10-07,20.0,64.0
2014-10-08,20.3,63.0
2014-10-09,21.0,69.0
2014-10-10,22.4,63.0
2014-10-11,20.3,66.0
2014-10-12,18.6,61.0
2014-10-13,18.1,79.0
2014-10-14,23.1,57.0
2014-10-15,15.9,66.0
2014-10-16,16.8,74.0
2014-10-17,18.4,53.0
2014-10-18,17.5,48.0
2014-10-19,18.3,58.0
2014-10-20,19.4,69.0
2014-10-21,19.0,84.0
2014-10-22,16.1,90.0
2014-10-23,14.3,81.0
2014-10-24,16.7,67.0
2014-10-25,18.3,75.0
2014-10-26,20.1,72.0
2014-10-27,19.3,69.0
2014-10-28,15.8,36.0
2014-10-29,16.4,43.0
2014-10-30,16.8,59.0
2014-10-31,18.4,65.0
2014-11-01,16.8,85.0
2014-11-02,19.5,81.0
2014-11-03,18.0,48.0
2014-11-04,16.2,45.0
2014-11-05,15.2,59.0
2014-11-06,17.7,73.0
2014-11-07,17.7,44.0
2014-11-08,14.1,51.0
2014-11-09,14.9,76.0
2014-11-10,17.8,61.0
2014-11-11,14.5,62.0
2014-11-12,14.1,82.0
2014-11-13,15.0,50.0
2014-11-14,12.8,42.0
2014-11-15,12.7,42.0
2014-11-16,12.5,48.0
2014-11-17,12.1,58.0
2014-11-18,12.9,44.0
2014-11-19,12.1,38.0
2014-11-20,9.1,70.0
2014-11-21,12.3,72.0
2014-11-22,13.8,66.0
2014-11-23,14.1,61.0
2014-11-24,13.2,64.0
2014-11-25,11.1,85.0
2014-11-26,9.2,89.0
2014-11-27,12.9,71.0
2014-11-28,14.1,76.0
2014-11-29,13.8,86.0
2014-11-30,15.1,75.0
2014-12-01,13.5,92.0
2014-12-02,10.8,45.0
2014-12-03,8.2,38.0
2014-12-04,8.8,73.0
2014-12-05,8.3,56.0
2014-12-06,5.1,53.0
2014-12-07,6.2,45.0
2014-12-08,6.6,54.0
2014-12-09,7.3,49.0
2014-12-10,7.3,45.0
2014-12-11,9.6,72.0
2014-12-12,9.3,49.0
2014-12-13,7.0,55.0
2014-12-14,4.8,51.0
2014-12-15,5.3,48.0
2014-12-16,3.6,75.0
2014-12-17,4.3,51.0
2014-12-18,4.0,38.0
2014-12-19,5.4,45.0
2014-12-20,5.3,73.0
2014-12-21,8.6,66.0
2014-12-22,7.1,42.0
2014-12-23,6.3,43.0
2014-12-24,5.9,56.0
2014-12-25,6.3,47.0
2014-12-26,5.1,38.0
2014-12-27,4.6,38.0
2014-12-28,3.8,51.0
2014-12-29,4.2,89.0
2014-12-30,6.6,74.0
2014-12-31,8.0,63.0
2015-01-01,3.7,41.0
2015-01-02,2.7,41.0
2015-01-03,3.8,42.0
2015-01-04,4.0,51.0
2015-01-05,6.9,56.0
2015-01-06,10.8,64.0
2015-01-07,5.6,35.0
2015-01-08,6.2,33.0
2015-01-09,6.7,31.0
2015-01-10,6.3,31.0
2015-01-11,6.4,46.0
2015-01-12,5.2,39.0
2015-01-13,6.6,38.0
2015-01-14,6.6,50.0
2015-01-15,5.4,76.0
2015-01-16,8.9,54.0
2015-01-17,5.9,56.0
2015-01-18,4.7,36.0
2015-01-19,5.7,44.0
2015-01-20,6.3,42.0
2015-01-21,2.5,69.0
2015-01-22,4.6,91.0
2015-01-23,6.9,63.0
2015-01-24,4.9,47.0
2015-01-25,7.0,59.0
2015-01-26,9.0,74.0
2015-01-27,9.8,71.0
2015-01-28,5.2,41.0
2015-01-29,3.9,42.0
2015-01-30,2.2,88.0
2015-01-31,4.9,56.0
2015-02-01,4.0,32.0
2015-02-02,4.7,34.0
2015-02-03,4.7,42.0
2015-02-04,5.2,49.0
2015-02-05,2.6,87.0
2015-02-06,5.4,60.0
2015-02-07,5.3,60.0
2015-02-08,4.0,87.0
2015-02-09,2.0,49.0
2015-02-10,3.2,49.0
2015-02-11,5.6,54.0
2015-02-12,7.0,56.0
2015-02-13,5.0,46.0
2015-02-14,4.9,29.0
2015-02-15,5.5,41.0
2015-02-16,7.0,33.0
2015-02-17,3.9,77.0
2015-02-18,3.3,93.0
2015-02-19,6.2,72.0
2015-02-20,6.3,66.0
2015-02-21,6.2,61.0
2015-02-22,6.3,77.0
2015-02-23,10.7,84.0
2015-02-24,9.7,74.0
2015-02-25,9.2,58.0
2015-02-26,6.6,85.0
2015-02-27,8.2,54.0
2015-02-28,7.4,37.0
2015-03-01,6.9,79.0
2015-03-02,9.3,37.0
2015-03-03,5.6,60.0
2015-03-04,9.6,71.0
2015-03-05,9.3,35.0
2015-03-06,7.3,53.0
2015-03-07,6.0,82.0
2015-03-08,8.2,81.0
2015-03-09,9.0,89.0
2015-03-10,7.7,54.0
2015-03-11,6.2,37.0
2015-03-12,8.6,34.0
2015-03-13,8.9,35.0
2015-03-14,8.9,45.0
2015-03-15,8.4,63.0
2015-03-16,11.1,74.0
2015-03-17,14.5,76.0
2015-03-18,14.8,74.0
2015-03-19,11.9,90.0
2015-03-20,11.8,77.0
2015-03-21,10.5,57.0
2015-03-22,12.9,61.0
2015-03-23,10.7,43.0
2015-03-24,8.2,33.0
2015-03-25,8.1,35.0
2015-03-26,9.5,35.0
2015-03-27,12.3,38.0
2015-03-28,14.1,46.0
2015-03-29,14.6,58.0
2015-03-30,16.2,54.0
2015-03-31,16.7,58.0
2015-04-01,13.9,76.0
2015-04-02,11.6,64.0
2015-04-03,17.3,79.0
2015-04-04,13.2,66.0
2015-04-05,10.3,89.0
2015-04-06,16.2,75.0
2015-04-07,10.0,91.0
2015-04-08,4.1,89.0
2015-04-09,7.4,61.0
2015-04-10,8.3,75.0
2015-04-11,11.5,86.0
2015-04-12,12.9,61.0
2015-04-13,9.7,89.0
2015-04-14,12.1,96.0
2015-04-15,15.4,64.0
2015-04-16,15.7,58.0
2015-04-17,16.4,64.0
2015-04-18,14.0,58.0
2015-04-19,14.3,69.0
2015-04-20,18.4,89.0
2015-04-21,17.5,76.0
2015-04-22,15.7,62.0
2015-04-23,18.0,66.0
2015-04-24,18.3,70.0
2015-04-25,17.2,53.0
2015-04-26,17.8,50.0
2015-04-27,19.3,68.0
2015-04-28,20.8,66.0
2015-04-29,19.4,65.0
2015-04-30,19.0,65.0
2015-05-01,20.5,63.0
2015-05-02,21.0,66.0
2015-05-03,21.2,62.0
2015-05-04,21.6,68.0
2015-05-05,18.3,42.0
2015-05-06,18.2,47.0
2015-05-07,19.1,62.0
2015-05-08,20.7,61.0
2015-05-09,18.7,75.0
2015-05-10,19.7,43.0
2015-05-11,17.2,35.0
2015-05-12,19.6,73.0
2015-05-13,22.5,54.0
2015-05-14,23.1,46.0
2015-05-15,22.7,59.0
2015-05-16,20.9,84.0
2015-05-17,22.2,63.0
2015-05-18,21.5,73.0
2015-05-19,20.2,90.0
2015-05-20,22.2,70.0
2015-05-21,19.5,55.0
2015-05-22,20.5,59.0
2015-05-23,21.6,57.0
2015-05-24,21.0,61.0
2015-05-25,21.3,68.0
2015-05-26,23.3,53.0
2015-05-27,23.9,55.0
2015-05-28,22.1,68.0
2015-05-29,20.7,83.0
2015-05-30,23.4,68.0
2015-05-31,25.7,59.0
2015-06-01,23.6,51.0
2015-06-02,23.5,65.0
2015-06-03,21.7,89.0
2015-06-04,23.1,35.0
2015-06-05,18.8,65.0
2015-06-06,18.0,80.0
2015-06-07,20.8,65.0
2015-06-08,21.0,69.0
2015-06-09,19.5,92.0
2015-06-10,22.6,69.0
2015-06-11,23.0,71.0
2015-06-12,21.4,89.0
2015-06-13,24.0,79.0
2015-06-14,22.5,83.0
2015-06-15,24.6,69.0
2015-06-16,23.3,76.0
2015-06-17,21.6,88.0
2015-06-18,21.9,76.0
2015-06-19,19.1,92.0
2015-06-20,21.7,69.0
2015-06-21,20.6,86.0
2015-06-22,22.6,76.0
2015-06-23,23.4,77.0
2015-06-24,23.8,72.0
2015-06-25,24.3,72.0
2015-06-26,22.4,86.0
2015-06-27,22.6,97.0
2015-06-28,23.2,70.0
2015-06-29,21.6,68.0
2015-06-30,22.5,75.0
2015-07-01,20.5,98.0
2015-07-02,22.5,91.0
2015-07-03,21.9,99.0
2015-07-04,22.5,96.0
2015-07-05,20.1,96.0
2015-07-06,19.8,97.0
2015-07-07,21.3,91.0
2015-07-08,22.4,93.0
2015-07-09,19.4,97.0
2015-07-10,23.2,80.0
2015-07-11,25.9,76.0
2015-07-12,27.2,74.0
2015-07-13,29.4,67.0
2015-07-14,29.9,61.0
2015-07-15,28.4,65.0
2015-07-16,26.4,90.0
2015-07-17,26.7,83.0
2015-07-18,27.2,77.0
2015-07-19,29.4,69.0
2015-07-20,28.8,75.0
2015-07-21,29.4,65.0
2015-07-22,28.9,61.0
2015-07-23,27.0,80.0
2015-07-24,28.1,83.0
2015-07-25,28.6,80.0
2015-07-26,30.3,72.0
2015-07-27,30.4,69.0
2015-07-28,29.6,72.0
2015-07-29,29.4,70.0
2015-07-30,29.1,75.0
2015-07-31,30.0,72.0
2015-08-01,30.5,76.0
2015-08-02,30.2,71.0
2015-08-03,29.8,69.0
2015-08-04,30.0,69.0
2015-08-05,30.2,69.0
2015-08-06,30.9,68.0
2015-08-07,31.5,61.0
2015-08-08,27.6,71.0
2015-08-09,27.9,68.0
2015-08-10,27.9,79.0
2015-08-11,29.4,70.0
2015-08-12,28.9,73.0
2015-08-13,27.5,82.0
2015-08-14,26.9,84.0
2015-08-15,27.7,76.0
2015-08-16,27.8,77.0
2015-08-17,25.7,96.0
2015-08-18,28.2,76.0
2015-08-19,27.8,70.0
2015-08-20,25.6,92.0
2015-08-21,26.0,88.0
2015-08-22,28.3,80.0
2015-08-23,26.7,75.0
2015-08-24,24.3,67.0
2015-08-25,21.5,68.0
2015-08-26,19.5,99.0
2015-08-27,23.6,81.0
2015-08-28,21.7,84.0
2015-08-29,20.0,98.0
2015-08-30,21.2,96.0
2015-08-31,22.1,94.0
2015-09-01,23.7,96.0
2015-09-02,26.9,82.0
2015-09-03,25.7,78.0
2015-09-04,24.7,88.0
2015-09-05,25.4,70.0
2015-09-06,23.8,88.0
2015-09-07,23.0,98.0
2015-09-08,20.0,100.0
2015-09-09,22.4,99.0
2015-09-10,21.8,99.0
2015-09-11,23.9,79.0
2015-09-12,24.7,75.0
2015-09-13,24.4,76.0
2015-09-14,22.9,69.0
2015-09-15,22.3,66.0
2015-09-16,21.1,74.0
2015-09-17,17.9,98.0
2015-09-18,20.6,96.0
2015-09-19,24.1,73.0
2015-09-20,23.3,59.0
2015-09-21,22.7,68.0
2015-09-22,23.0,62.0
2015-09-23,22.4,60.0
2015-09-24,20.4,83.0
2015-09-25,17.7,98.0
2015-09-26,20.5,91.0
2015-09-27,21.4,91.0
2015-09-28,23.3,73.0
2015-09-29,22.7,43.0
2015-09-30,20.9,43.0
2015-10-01,19.4,79.0
2015-10-02,23.2,71.0
2015-10-03,21.7,68.0
2015-10-04,21.3,65.0
2015-10-05,17.9,50.0
2015-10-06,17.7,61.0
2015-10-07,17.5,49.0
2015-10-08,19.4,37.0
2015-10-09,20.2,49.0
2015-10-10,18.3,75.0
2015-10-11,18.9,87.0
2015-10-12,18.7,72.0
2015-10-13,18.8,58.0
2015-10-14,18.4,51.0
2015-10-15,18.8,62.0
2015-10-16,15.6,95.0
2015-10-17,17.5,93.0
2015-10-18,18.8,78.0
2015-10-19,19.0,70.0
2015-10-20,19.0,75.0
2015-10-21,17.2,71.0
2015-10-22,17.4,73.0
2015-10-23,17.9,71.0
2015-10-24,19.0,73.0
2015-10-25,16.1,32.0
2015-10-26,15.5,46.0
2015-10-27,18.3,67.0
2015-10-28,20.8,66.0
2015-10-29,17.1,68.0
2015-10-30,17.1,60.0
2015-10-31,14.4,61.0
2015-11-01,13.1,61.0
2015-11-02,12.7,90.0
2015-11-03,16.2,63.0
2015-11-04,14.4,64.0
2015-11-05,15.1,70.0
2015-11-06,16.4,64.0
2015-11-07,16.5,74.0
2015-11-08,15.2,93.0
2015-11-09,18.2,93.0
2015-11-10,16.5,94.0
2015-11-11,14.9,58.0
2015-11-12,13.4,61.0
2015-11-13,13.1,69.0
2015-11-14,13.0,92.0
2015-11-15,16.0,90.0
2015-11-16,17.2,72.0
2015-11-17,18.5,82.0
2015-11-18,16.7,92.0
2015-11-19,14.5,73.0
2015-11-20,13.7,76.0
2015-11-21,15.5,64.0
2015-11-22,13.1,67.0
2015-11-23,12.2,84.0
2015-11-24,14.3,73.0
2015-11-25,8.7,75.0
2015-11-26,8.7,91.0
2015-11-27,9.9,58.0
2015-11-28,9.4,55.0
2015-11-29,10.4,58.0
2015-11-30,10.0,69.0
2015-12-01,10.8,62.0
2015-12-02,9.5,68.0
2015-12-03,10.5,88.0
2015-12-04,9.9,43.0
2015-12-05,9.8,56.0
2015-12-06,10.6,43.0
2015-12-07,9.2,51.0
2015-12-08,8.0,60.0
2015-12-09,7.5,64.0
2015-12-10,8.8,69.0
2015-12-11,14.7,74.0
2015-12-12,12.6,54.0
2015-12-13,10.2,81.0
2015-12-14,11.6,76.0
2015-12-15,11.5,72.0
2015-12-16,12.9,75.0
2015-12-17,10.1,43.0
2015-12-18,7.8,41.0
2015-12-19,7.1,44.0
2015-12-20,6.9,47.0
2015-12-21,8.8,52.0
2015-12-22,11.0,42.0
2015-12-23,6.8,63.0
2015-12-24,10.3,82.0
2015-12-25,10.9,58.0
2015-12-26,8.5,47.0
2015-12-27,7.3,42.0
2015-12-28,6.0,37.0
2015-12-29,6.3,39.0
2015-12-30,7.2,40.0
2015-12-31,6.6,62.0
2016-01-01,7.5,45.0
2016-01-02,7.3,51.0
2016-01-03,9.3,61.0
2016-01-04,9.2,60.0
2016-01-05,10.9,51.0
2016-01-06,8.9,69.0
2016-01-07,8.7,49.0
2016-01-08,6.8,48.0
2016-01-09,7.3,53.0
2016-01-10,7.9,50.0
2016-01-11,7.1,52.0
2016-01-12,3.4,72.0
2016-01-13,4.3,60.0
2016-01-14,6.0,52.0
2016-01-15,5.6,64.0
2016-01-16,6.5,54.0
2016-01-17,5.8,59.0
2016-01-18,2.8,95.0
2016-01-19,5.1,43.0
2016-01-20,4.1,42.0
2016-01-21,5.4,37.0
2016-01-22,5.8,35.0
2016-01-23,3.9,53.0
2016-01-24,3.3,42.0
2016-01-25,2.9,28.0
2016-01-26,3.8,46.0
2016-01-27,6.3,45.0
2016-01-28,7.8,44.0
2016-01-29,5.4,78.0
2016-01-30,3.3,87.0
2016-01-31,6.1,66.0
2016-02-01,4.7,69.0
2016-02-02,6.0,41.0
2016-02-03,5.0,46.0
2016-02-04,5.1,62.0
2016-02-05,7.5,52.0
2016-02-06,6.7,69.0
2016-02-07,5.0,46.0
2016-02-08,4.4,56.0
2016-02-09,6.6,55.0
2016-02-10,6.0,33.0
2016-02-11,6.0,40.0
2016-02-12,7.2,64.0
2016-02-13,14.0,63.0
2016-02-14,18.5,77.0
2016-02-15,8.1,60.0
2016-02-16,5.6,41.0
2016-02-17,6.2,43.0
2016-02-18,6.2,53.0
2016-02-19,9.7,54.0
2016-02-20,8.0,78.0
2016-02-21,9.5,57.0
2016-02-22,6.7,56.0
2016-02-23,6.7,82.0
2016-02-24,5.8,50.0
2016-02-25,3.8,61.0
2016-02-26,5.8,47.0
2016-02-27,7.8,44.0
2016-02-28,8.7,58.0
2016-02-29,8.3,72.0
2016-03-01,5.2,30.0
2016-03-02,6.3,38.0
2016-03-03,9.2,46.0
2016-03-04,10.4,57.0
2016-03-05,10.7,65.0
2016-03-06,13.2,77.0
2016-03-07,14.1,99.0
2016-03-08,15.8,81.0
2016-03-09,8.7,84.0
2016-03-10,6.1,67.0
2016-03-11,4.6,72.0
2016-03-12,5.8,65.0
2016-03-13,6.7,64.0
2016-03-14,5.7,89.0
2016-03-15,8.1,50.0
2016-03-16,8.7,51.0
2016-03-17,13.1,49.0
2016-03-18,14.8,65.0
2016-03-19,14.9,86.0
2016-03-20,13.4,45.0
2016-03-21,9.5,53.0
2016-03-22,11.0,46.0
2016-03-23,11.5,56.0
2016-03-24,6.3,70.0
2016-03-25,8.1,40.0
2016-03-26,8.0,47.0
2016-03-27,10.4,61.0
2016-03-28,11.3,72.0
2016-03-29,13.0,57.0
2016-03-30,14.9,49.0
2016-03-31,14.9,46.0
2016-04-01,12.8,63.0
2016-04-02,10.5,68.0
2016-04-03,13.1,90.0
2016-04-04,15.6,87.0
2016-04-05,10.8,75.0
2016-04-06,14.6,62.0
2016-04-07,13.8,93.0
2016-04-08,16.1,66.0
2016-04-09,17.1,62.0
2016-04-10,17.2,63.0
2016-04-11,11.6,49.0
2016-04-12,10.5,44.0
2016-04-13,14.4,77.0
2016-04-14,15.0,96.0
2016-04-15,16.3,31.0
2016-04-16,15.8,45.0
2016-04-17,19.2,74.0
2016-04-18,18.9,64.0
2016-04-19,16.2,57.0
2016-04-20,14.9,55.0
2016-04-21,16.5,76.0
2016-04-22,17.3,75.0
2016-04-23,17.9,73.0
2016-04-24,15.7,69.0
2016-04-25,18.1,55.0
2016-04-26,19.2,66.0
2016-04-27,18.1,76.0
2016-04-28,14.4,99.0
2016-04-29,15.8,45.0
2016-04-30,16.0,48.0
2016-05-01,18.2,62.0
2016-05-02,17.4,73.0
2016-05-03,20.4,73.0
2016-05-04,22.1,55.0
2016-05-05,22.1,37.0
2016-05-06,18.1,65.0
2016-05-07,21.2,61.0
2016-05-08,21.3,40.0
2016-05-09,18.5,80.0
2016-05-10,18.4,91.0
2016-05-11,21.4,81.0
2016-05-12,21.7,53.0
2016-05-13,21.2,62.0
2016-05-14,19.8,60.0
2016-05-15,17.6,63.0
2016-05-16,19.0,69.0
2016-05-17,18.3,95.0
2016-05-18,20.0,51.0
2016-05-19,19.3,49.0
2016-05-20,17.2,63.0
2016-05-21,19.1,63.0
2016-05-22,22.4,48.0
2016-05-23,23.5,45.0
2016-05-24,23.4,53.0
2016-05-25,22.2,70.0
2016-05-26,23.0,74.0
2016-05-27,19.4,90.0
2016-05-28,19.3,80.0
2016-05-29,21.7,71.0
2016-05-30,17.4,92.0
2016-05-31,20.4,79.0
2016-06-01,21.5,53.0
2016-06-02,20.7,33.0
2016-06-03,19.4,49.0
2016-06-04,21.7,63.0
2016-06-05,19.3,78.0
2016-06-06,20.0,76.0
2016-06-07,19.6,83.0
2016-06-08,21.9,72.0
2016-06-09,21.2,97.0
2016-06-10,23.5,70.0
2016-06-11,23.5,65.0
2016-06-12,23.9,70.0
2016-06-13,19.8,98.0
2016-06-14,22.2,70.0
2016-06-15,20.8,81.0
2016-06-16,22.1,83.0
2016-06-17,24.2,80.0
2016-06-18,26.7,50.0
2016-06-19,24.3,71.0
2016-06-20,24.3,82.0
2016-06-21,22.7,88.0
2016-06-22,,
2016-06-23,,
2016-06-24,22.7,84.0
2016-06-25,25.4,79.0
2016-06-26,25.5,61.0
2016-06-27,24.4,66.0
2016-06-28,19.1,95.0
2016-06-29,21.5,87.0
2016-06-30,23.0,89.0
2016-07-01,25.6,83.0
2016-07-02,27.0,79.0
2016-07-03,29.2,71.0
2016-07-04,27.8,75.0
2016-07-05,21.7,81.0
2016-07-06,23.1,84.0
2016-07-07,27.4,73.0
2016-07-08,25.3,77.0
2016-07-09,22.4,95.0
2016-07-10,25.6,79.0
2016-07-11,28.0,68.0
2016-07-12,27.1,77.0
2016-07-13,25.1,94.0
2016-07-14,25.9,88.0
2016-07-15,22.2,94.0
2016-07-16,24.1,79.0
2016-07-17,25.9,86.0
2016-07-18,28.7,76.0
2016-07-19,27.3,77.0
2016-07-20,26.3,76.0
2016-07-21,21.8,96.0
2016-07-22,21.4,86.0
2016-07-23,22.4,70.0
2016-07-24,23.9,73.0
2016-07-25,24.7,77.0
2016-07-26,23.8,86.0
2016-07-27,24.5,84.0
2016-07-28,26.5,78.0
2016-07-29,27.2,73.0
2016-07-30,27.2,74.0
2016-07-31,27.5,76.0
2016-08-01,27.4,79.0
2016-08-02,25.9,89.0
2016-08-03,26.8,84.0
2016-08-04,28.1,78.0
2016-08-05,28.7,76.0
2016-08-06,29.1,76.0
2016-08-07,28.6,70.0
2016-08-08,28.5,68.0
2016-08-09,31.9,52.0
2016-08-10,29.1,66.0
2016-08-11,27.3,65.0
2016-08-12,26.7,70.0
2016-08-13,26.5,68.0
2016-08-14,26.0,68.0
2016-08-15,26.6,77.0
2016-08-16,26.9,83.0
2016-08-17,28.7,79.0
2016-08-18,26.9,92.0
2016-08-19,27.6,81.0
2016-08-20,25.7,94.0
2016-08-21,27.9,83.0
2016-08-22,25.7,96.0
2016-08-23,26.8,86.0
2016-08-24,26.5,83.0
2016-08-25,28.0,76.0
2016-08-26,28.3,76.0
2016-08-27,24.3,87.0
2016-08-28,22.6,87.0
2016-08-29,25.6,92.0
2016-08-30,25.1,88.0
2016-08-31,26.8,62.0
2016-09-01,27.0,68.0
2016-09-02,26.7,76.0
2016-09-03,27.2,77.0
2016-09-04,26.7,84.0
2016-09-05,28.4,76.0
2016-09-06,28.8,74.0
2016-09-07,27.1,85.0
2016-09-08,26.4,92.0
2016-09-09,27.0,79.0
2016-09-10,26.6,73.0
2016-09-11,23.2,88.0
2016-09-12,24.7,81.0
2016-09-13,22.6,97.0
2016-09-14,23.1,89.0
2016-09-15,24.1,88.0
2016-09-16,22.9,93.0
2016-09-17,25.3,85.0
2016-09-18,24.6,89.0
2016-09-19,21.3,96.0
2016-09-20,19.1,100.0
2016-09-21,20.1,86.0
2016-09-22,19.4,98.0
2016-09-23,20.8,100.0
2016-09-24,21.8,98.0
2016-09-25,23.6,89.0
2016-09-26,25.4,87.0
2016-09-27,25.6,89.0
2016-09-28,26.5,86.0
2016-09-29,24.6,87.0
2016-09-30,21.4,66.0
2016-10-01,19.7,88.0
2016-10-02,23.1,78.0
2016-10-03,22.7,94.0
2016-10-04,24.9,75.0
2016-10-05,24.0,82.0
2016-10-06,26.0,60.0
2016-10-07,21.4,53.0
2016-10-08,21.2,86.0
2016-10-09,22.3,74.0
2016-10-10,18.4,62.0
2016-10-11,17.6,69.0
2016-10-12,17.9,66.0
2016-10-13,16.5,67.0
2016-10-14,15.6,63.0
2016-10-15,16.7,64.0
2016-10-16,17.4,70.0
2016-10-17,17.5,95.0
2016-10-18,20.9,86.0
2016-10-19,20.8,79.0
2016-10-20,21.9,62.0
2016-10-21,18.2,58.0
2016-10-22,16.7,71.0
2016-10-23,18.1,68.0
2016-10-24,14.9,53.0
2016-10-25,14.0,73.0
2016-10-26,19.1,82.0
2016-10-27,19.0,50.0
2016-10-28,12.2,78.0
2016-10-29,15.5,72.0
2016-10-30,11.9,71.0
2016-10-31,14.3,68.0
2016-11-01,13.4,82.0
2016-11-02,10.9,68.0
2016-11-03,12.9,65.0
2016-11-04,14.0,52.0
2016-11-05,14.6,66.0
2016-11-06,14.8,58.0
2016-11-07,11.0,61.0
2016-11-08,9.9,76.0
2016-11-09,10.4,49.0
2016-11-10,9.6,53.0
2016-11-11,9.0,97.0
2016-11-12,13.6,83.0
2016-11-13,13.6,82.0
2016-11-14,13.7,86.0
2016-11-15,15.3,83.0
2016-11-16,12.5,52.0
2016-11-17,12.6,59.0
2016-11-18,11.3,62.0
2016-11-19,9.8,92.0
2016-11-20,13.6,89.0
2016-11-21,12.6,88.0
2016-11-22,14.0,89.0
2016-11-23,11.4,55.0
2016-11-24,2.8,91.0
2016-11-25,5.6,76.0
2016-11-26,8.3,72.0
2016-11-27,10.6,82.0
2016-11-28,11.1,66.0
2016-11-29,10.5,46.0
2016-11-30,8.8,57.0
2016-12-01,10.0,88.0
2016-12-02,11.5,49.0
2016-12-03,10.8,56.0
2016-12-04,11.6,72.0
2016-12-05,12.7,80.0
2016-12-06,10.8,59.0
2016-12-07,7.5,56.0
2016-12-08,8.6,56.0
2016-12-09,11.1,56.0
2016-12-10,8.5,44.0
2016-12-11,6.8,42.0
2016-12-12,7.0,47.0
2016-12-13,9.4,64.0
2016-12-14,8.1,75.0
2016-12-15,6.2,41.0
2016-12-16,4.8,46.0
2016-12-17,6.7,49.0
2016-12-18,8.2,60.0
2016-12-19,10.0,59.0
2016-12-20,9.6,66.0
2016-12-21,10.5,74.0
2016-12-22,14.6,80.0
2016-12-23,14.0,66.0
2016-12-24,8.6,46.0
2016-12-25,6.6,57.0
2016-12-26,6.9,62.0
2016-12-27,11.1,83.0
2016-12-28,6.0,44.0
2016-12-29,4.3,57.0
2016-12-30,6.0,43.0
2016-12-31,6.3,53.0
2017-01-01,7.4,59.0
2017-01-02,7.2,65.0
2017-01-03,8.0,54.0
2017-01-04,8.5,48.0
2017-01-05,6.7,39.0
2017-01-06,4.5,48.0
2017-01-07,4.1,55.0
2017-01-08,3.9,76.0
2017-01-09,7.2,85.0
2017-01-10,8.1,61.0
2017-01-11,6.9,46.0
2017-01-12,6.0,49.0
2017-01-13,6.2,53.0
2017-01-14,2.4,52.0
2017-01-15,0.7,49.0
2017-01-16,3.2,45.0
2017-01-17,5.4,56.0
2017-01-18,5.8,57.0
2017-01-19,6.4,47.0
2017-01-20,3.0,64.0
2017-01-21,5.9,52.0
2017-01-22,6.0,50.0
2017-01-23,4.0,35.0
2017-01-24,2.5,35.0
2017-01-25,3.9,36.0
2017-01-26,4.6,48.0
2017-01-27,8.8,53.0
2017-01-28,8.4,50.0
2017-01-29,8.0,64.0
2017-01-30,11.2,62.0
2017-01-31,5.9,37.0
2017-02-01,6.0,42.0
2017-02-02,4.5,33.0
2017-02-03,7.4,36.0
2017-02-04,8.2,43.0
2017-02-05,7.2,57.0
2017-02-06,8.7,51.0
2017-02-07,5.6,33.0
2017-02-08,6.3,33.0
2017-02-09,2.4,87.0
2017-02-10,4.3,62.0
2017-02-11,4.1,37.0
2017-02-12,5.0,42.0
2017-02-13,6.3,35.0
2017-02-14,6.1,36.0
2017-02-15,6.5,39.0
2017-02-16,7.3,55.0
2017-02-17,13.2,60.0
2017-02-18,8.1,43.0
2017-02-19,6.2,48.0
2017-02-20,9.9,60.0
2017-02-21,6.1,37.0
2017-02-22,7.0,54.0
2017-02-23,12.4,69.0
2017-02-24,7.4,34.0
2017-02-25,7.5,56.0
2017-02-26,8.6,53.0
2017-02-27,6.2,63.0
2017-02-28,5.5,60.0
2017-03-01,6.4,73.0
2017-03-02,6.8,95.0
2017-03-03,8.7,58.0
2017-03-04,8.7,54.0
2017-03-05,10.4,62.0
2017-03-06,9.3,84.0
2017-03-07,6.6,54.0
2017-03-08,5.5,49.0
2017-03-09,7.5,44.0
2017-03-10,8.6,41.0
2017-03-11,7.9,46.0
2017-03-12,7.6,52.0
2017-03-13,8.8,71.0
2017-03-14,8.1,86.0
2017-03-15,5.4,76.0
2017-03-16,8.2,55.0
2017-03-17,9.5,39.0
2017-03-18,10.3,44.0
2017-03-19,12.2,41.0
2017-03-20,12.6,38.0
2017-03-21,9.1,93.0
2017-03-22,9.8,44.0
2017-03-23,9.7,45.0
2017-03-24,8.5,41.0
2017-03-25,7.8,45.0
2017-03-26,5.9,91.0
2017-03-27,5.0,91.0
2017-03-28,8.6,61.0
2017-03-29,9.1,68.0
2017-03-30,11.9,61.0
2017-03-31,8.8,62.0
2017-04-01,6.3,80.0
2017-04-02,8.7,59.0
2017-04-03,9.9,63.0
2017-04-04,11.2,63.0
2017-04-05,14.7,64.0
2017-04-06,16.7,68.0
2017-04-07,17.5,83.0
2017-04-08,15.3,96.0
2017-04-09,13.8,93.0
2017-04-10,10.4,49.0
2017-04-11,8.5,90.0
2017-04-12,14.3,58.0
2017-04-13,12.3,51.0
2017-04-14,15.0,51.0
2017-04-15,18.6,57.0
2017-04-16,18.9,57.0
2017-04-17,18.3,65.0
2017-04-18,20.0,75.0
2017-04-19,18.0,50.0
2017-04-20,15.7,47.0
2017-04-21,15.6,73.0
2017-04-22,14.3,74.0
2017-04-23,13.6,60.0
2017-04-24,14.5,61.0
2017-04-25,16.0,63.0
2017-04-26,16.9,70.0
2017-04-27,14.7,73.0
2017-04-28,15.9,58.0
2017-04-29,16.2,63.0
2017-04-30,17.8,60.0
2017-05-01,17.7,61.0
2017-05-02,16.6,41.0
2017-05-03,17.1,62.0
2017-05-04,18.1,66.0
2017-05-05,19.6,71.0
2017-05-06,21.7,75.0
2017-05-07,19.9,71.0
2017-05-08,20.8,57.0
2017-05-09,19.1,57.0
2017-05-10,16.3,95.0
2017-05-11,21.0,70.0
2017-05-12,21.6,75.0
2017-05-13,17.8,95.0
2017-05-14,17.8,79.0
2017-05-15,17.7,84.0
2017-05-16,18.9,71.0
2017-05-17,17.2,69.0
2017-05-18,17.6,82.0
2017-05-19,20.0,74.0
2017-05-20,22.1,68.0
2017-05-21,23.8,64.0
2017-05-22,23.2,66.0
2017-05-23,22.5,65.0
2017-05-24,22.2,72.0
2017-05-25,20.9,85.0
2017-05-26,18.8,92.0
2017-05-27,20.9,76.0
2017-05-28,20.9,67.0
2017-05-29,21.5,71.0
2017-05-30,23.3,70.0
2017-05-31,23.6,76.0
2017-06-01,21.5,91.0
2017-06-02,23.0,55.0
2017-06-03,21.4,44.0
2017-06-04,21.0,41.0
2017-06-05,19.6,60.0
2017-06-06,19.6,68.0
2017-06-07,20.3,74.0
2017-06-08,22.0,76.0
2017-06-09,23.1,69.0
2017-06-10,24.6,63.0
2017-06-11,21.7,55.0
2017-06-12,20.5,59.0
2017-06-13,16.9,92.0
2017-06-14,19.3,81.0
2017-06-15,21.3,74.0
2017-06-16,22.4,70.0
2017-06-17,22.3,60.0
2017-06-18,19.5,85.0
2017-06-19,22.6,63.0
2017-06-20,22.7,75.0
2017-06-21,22.4,90.0
2017-06-22,24.0,63.0
2017-06-23,24.6,69.0
2017-06-24,24.6,75.0
2017-06-25,22.3,95.0
2017-06-26,23.1,82.0
2017-06-27,23.2,87.0
2017-06-28,22.4,94.0
2017-06-29,24.6,80.0
2017-06-30,23.8,89.0
2017-07-01,23.4,90.0
2017-07-02,25.7,84.0
2017-07-03,28.3,75.0
2017-07-04,26.8,83.0
2017-07-05,26.3,82.0
2017-07-06,26.2,74.0
2017-07-07,27.0,74.0
2017-07-08,27.9,69.0
2017-07-09,27.3,78.0
2017-07-10,27.4,79.0
2017-07-11,27.7,78.0
2017-07-12,28.9,77.0
2017-07-13,28.5,78.0
2017-07-14,28.2,74.0
2017-07-15,28.1,74.0
2017-07-16,28.9,76.0
2017-07-17,29.7,66.0
2017-07-18,26.3,84.0
2017-07-19,26.5,79.0
2017-07-20,28.2,76.0
2017-07-21,29.1,73.0
2017-07-22,28.7,75.0
2017-07-23,27.3,79.0
2017-07-24,29.1,73.0
2017-07-25,29.4,76.0
2017-07-26,24.6,91.0
2017-07-27,24.2,81.0
2017-07-28,26.8,83.0
2017-07-29,26.8,85.0
2017-07-30,25.6,86.0
2017-07-31,28.0,78.0
2017-08-01,26.3,87.0
2017-08-02,22.9,82.0
2017-08-03,24.3,76.0
2017-08-04,25.6,86.0
2017-08-05,27.8,85.0
2017-08-06,29.0,82.0
2017-08-07,28.7,83.0
2017-08-08,29.3,80.0
2017-08-09,30.0,75.0
2017-08-10,25.7,85.0
2017-08-11,22.9,93.0
2017-08-12,24.1,89.0
2017-08-13,26.9,80.0
2017-08-14,24.4,94.0
2017-08-15,23.7,98.0
2017-08-16,21.9,99.0
2017-08-17,24.2,89.0
2017-08-18,26.5,87.0
2017-08-19,26.0,90.0
2017-08-20,25.3,86.0
2017-08-21,27.0,82.0
2017-08-22,27.8,84.0
2017-08-23,29.4,72.0
2017-08-24,29.9,69.0
2017-08-25,30.4,73.0
2017-08-26,28.9,75.0
2017-08-27,26.6,64.0
2017-08-28,26.4,74.0
2017-08-29,28.7,77.0
2017-08-30,27.7,83.0
2017-08-31,21.6,88.0
2017-09-01,21.8,71.0
2017-09-02,20.0,82.0
2017-09-03,22.2,76.0
2017-09-04,20.6,90.0
2017-09-05,23.0,84.0
2017-09-06,21.6,99.0
2017-09-07,22.1,99.0
2017-09-08,23.8,86.0
2017-09-09,24.5,74.0
2017-09-10,25.3,79.0
2017-09-11,25.8,78.0
2017-09-12,24.8,93.0
2017-09-13,26.2,70.0
2017-09-14,25.7,70.0
2017-09-15,23.9,57.0
2017-09-16,20.5,78.0
2017-09-17,19.0,100.0
2017-09-18,27.0,71.0
2017-09-19,24.6,67.0
2017-09-20,23.3,74.0
2017-09-21,24.2,54.0
2017-09-22,21.9,84.0
2017-09-23,20.1,85.0
2017-09-24,21.9,77.0
2017-09-25,23.7,75.0
2017-09-26,23.8,77.0
2017-09-27,23.7,77.0
2017-09-28,19.2,92.0
2017-09-29,19.9,75.0
2017-09-30,20.1,80.0
2017-10-01,20.9,68.0
2017-10-02,22.3,76.0
2017-10-03,22.1,85.0
2017-10-04,18.3,64.0
2017-10-05,16.9,54.0
2017-10-06,15.7,78.0
2017-10-07,18.0,96.0
2017-10-08,20.9,85.0
2017-10-09,21.0,80.0
2017-10-10,22.8,81.0
2017-10-11,21.2,90.0
2017-10-12,23.1,80.0
2017-10-13,15.9,92.0
2017-10-14,14.6,98.0
2017-10-15,15.0,97.0
2017-10-16,12.7,100.0
2017-10-17,13.3,96.0
2017-10-18,14.5,74.0
2017-10-19,11.0,98.0
2017-10-20,14.3,98.0
2017-10-21,16.4,100.0
2017-10-22,17.4,100.0
2017-10-23,19.0,64.0
2017-10-24,15.1,62.0
2017-10-25,12.8,88.0
2017-10-26,14.4,74.0
2017-10-27,15.1,73.0
2017-10-28,14.4,86.0
2017-10-29,14.5,100.0
2017-10-30,15.3,53.0
2017-10-31,12.7,58.0
2017-11-01,13.1,69.0
2017-11-02,15.3,71.0
2017-11-03,16.2,80.0
2017-11-04,16.1,74.0
2017-11-05,13.3,56.0
2017-11-06,13.6,67.0
2017-11-07,15.5,73.0
2017-11-08,14.6,80.0
2017-11-09,14.4,53.0
2017-11-10,12.9,63.0
2017-11-11,16.4,53.0
2017-11-12,12.0,49.0
2017-11-13,11.8,69.0
2017-11-14,11.9,91.0
2017-11-15,12.8,86.0
2017-11-16,11.6,58.0
2017-11-17,9.9,63.0
2017-11-18,10.7,74.0
2017-11-19,8.6,50.0
2017-11-20,6.4,59.0
2017-11-21,7.9,49.0
2017-11-22,7.1,69.0
2017-11-23,9.4,82.0
2017-11-24,9.4,55.0
2017-11-25,9.1,59.0
2017-11-26,11.6,59.0
2017-11-27,11.4,66.0
2017-11-28,11.6,76.0
2017-11-29,12.7,75.0
2017-11-30,11.0,80.0
2017-12-01,,
2017-12-02,7.6,67.0
2017-12-03,8.2,64.0
2017-12-04,8.8,68.0
2017-12-05,9.2,60.0
2017-12-06,6.9,56.0
2017-12-07,6.4,65.0
2017-12-08,5.7,80.0
2017-12-09,5.9,55.0
2017-12-10,6.9,60.0
2017-12-11,9.9,55.0
2017-12-12,6.8,34.0
2017-12-13,5.9,39.0
2017-12-14,5.7,41.0
2017-12-15,5.4,55.0
2017-12-16,7.7,60.0
2017-12-17,6.1,42.0
2017-12-18,4.4,56.0
2017-12-19,6.5,52.0
2017-12-20,5.7,52.0
2017-12-21,5.3,63.0
2017-12-22,5.4,68.0
2017-12-23,7.1,61.0
2017-12-24,7.4,68.0
2017-12-25,9.4,61.0
2017-12-26,7.5,46.0
2017-12-27,4.5,44.0
2017-12-28,4.8,39.0
2017-12-29,6.1,39.0
2017-12-30,6.2,44.0
2017-12-31,3.8,68.0
2018-01-01,6.2,55.0
2018-01-02,6.1,42.0
2018-01-03,4.9,43.0
2018-01-04,4.7,41.0
2018-01-05,3.7,60.0
2018-01-06,4.6,57.0
2018-01-07,6.3,41.0
2018-01-08,5.5,71.0
2018-01-09,,
2018-01-10,7.5,41.0
2018-01-11,5.3,38.0
2018-01-12,2.7,36.0
2018-01-13,2.7,51.0
2018-01-14,4.1,43.0
2018-01-15,4.2,53.0
2018-01-16,7.1,56.0
2018-01-17,6.9,81.0
2018-01-18,8.3,86.0
2018-01-19,8.4,54.0
2018-01-20,6.3,70.0
2018-01-21,7.0,60.0
2018-01-22,1.7,83.0
2018-01-23,,
2018-01-24,2.2,46.0
2018-01-25,0.0,39.0
2018-01-26,0.5,39.0
2018-01-27,2.6,33.0
2018-01-28,1.7,52.0
2018-01-29,3.7,66.0
2018-01-30,3.3,52.0
2018-01-31,3.9,53.0
2018-02-01,3.0,79.0
2018-02-02,1.9,94.0
2018-02-03,4.5,76.0
2018-02-04,5.4,54.0
2018-02-05,4.3,48.0
2018-02-06,3.3,44.0
2018-02-07,3.4,34.0
2018-02-08,3.6,43.0
2018-02-09,4.2,50.0
2018-02-10,7.0,59.0
2018-02-11,8.5,55.0
2018-02-12,4.4,34.0
2018-02-13,3.9,38.0
2018-02-14,6.0,44.0
2018-02-15,9.6,51.0
2018-02-16,6.3,52.0
2018-02-17,5.8,54.0
2018-02-18,3.5,33.0
2018-02-19,5.7,45.0
2018-02-20,7.5,53.0
2018-02-21,5.9,52.0
2018-02-22,2.7,91.0
2018-02-23,3.7,90.0
2018-02-24,7.4,55.0
2018-02-25,5.6,57.0
2018-02-26,6.0,62.0
2018-02-27,7.7,63.0
2018-02-28,9.1,64.0
2018-03-01,,
2018-03-02,9.4,34.0
2018-03-03,9.7,50.0
2018-03-04,13.9,63.0
2018-03-05,15.6,87.0
2018-03-06,8.3,66.0
2018-03-07,5.2,56.0
2018-03-08,,
2018-03-09,,
2018-03-10,7.3,67.0
2018-03-11,9.2,64.0
2018-03-12,9.9,50.0
2018-03-13,11.6,61.0
2018-03-14,14.3,64.0
2018-03-15,15.9,65.0
2018-03-16,13.2,79.0
2018-03-17,7.4,52.0
2018-03-18,11.3,60.0
2018-03-19,13.0,70.0
2018-03-20,8.4,85.0
2018-03-21,3.8,88.0
2018-03-22,9.5,88.0
2018-03-23,11.9,62.0
2018-03-24,11.3,76.0
2018-03-25,13.0,62.0
2018-03-26,14.1,62.0
2018-03-27,15.7,65.0
2018-03-28,17.2,65.0
2018-03-29,18.1,60.0
2018-03-30,13.8,36.0
2018-03-31,13.4,51.0
2018-04-01,16.0,65.0
2018-04-02,17.9,70.0
2018-04-03,17.9,75.0
2018-04-04,20.1,68.0
2018-04-05,13.3,71.0
2018-04-06,18.1,82.0
2018-04-07,16.2,62.0
2018-04-08,11.9,43.0
2018-04-09,13.7,42.0
2018-04-10,13.6,52.0
2018-04-11,17.6,65.0
2018-04-12,19.1,58.0
2018-04-13,15.5,34.0
2018-04-14,15.2,67.0
2018-04-15,17.9,75.0
2018-04-16,14.7,48.0
2018-04-17,12.7,81.0
2018-04-18,12.7,94.0
2018-04-19,16.2,77.0
2018-04-20,18.7,61.0
2018-04-21,18.9,65.0
2018-04-22,20.5,67.0
2018-04-23,16.5,80.0
2018-04-24,18.0,84.0
2018-04-25,19.0,95.0
2018-04-26,18.9,55.0
2018-04-27,18.5,70.0
2018-04-28,20.1,51.0
2018-04-29,20.1,66.0
2018-04-30,20.8,65.0
2018-05-01,22.3,59.0
2018-05-02,20.4,79.0
2018-05-03,21.9,77.0
2018-05-04,18.0,55.0
2018-05-05,18.3,53.0
2018-05-06,21.0,55.0
2018-05-07,17.9,83.0
2018-05-08,12.9,92.0
2018-05-09,12.1,90.0
2018-05-10,12.1,84.0
2018-05-11,16.4,64.0
2018-05-12,18.8,73.0
2018-05-13,17.9,85.0
2018-05-14,,
2018-05-15,22.3,57.0
2018-05-16,23.5,59.0
2018-05-17,24.0,71.0
2018-05-18,23.4,82.0
2018-05-19,21.5,70.0
2018-05-20,16.8,51.0
2018-05-21,20.3,48.0
2018-05-22,21.0,55.0
2018-05-23,18.6,85.0
2018-05-24,20.7,82.0
2018-05-25,22.8,72.0
2018-05-26,21.4,63.0
2018-05-27,21.3,72.0
2018-05-28,21.6,76.0
2018-05-29,23.0,73.0
2018-05-30,21.1,86.0
2018-05-31,19.5,87.0
2018-06-01,21.7,57.0
2018-06-02,21.9,65.0
2018-06-03,22.5,68.0
2018-06-04,23.5,64.0
2018-06-05,23.2,69.0
2018-06-06,20.3,92.0
2018-06-07,22.2,81.0
2018-06-08,23.7,79.0
2018-06-09,25.7,74.0
2018-06-10,20.0,91.0
2018-06-11,18.9,99.0
2018-06-12,20.5,91.0
2018-06-13,21.5,77.0
2018-06-14,20.6,72.0
2018-06-15,17.6,93.0
2018-06-16,15.9,86.0
2018-06-17,18.7,77.0
2018-06-18,19.4,93.0
2018-06-19,22.7,77.0
2018-06-20,20.8,98.0
2018-06-21,21.2,95.0
2018-06-22,,
2018-06-23,20.6,95.0
2018-06-24,21.3,91.0
2018-06-25,26.2,71.0
2018-06-26,25.7,75.0
2018-06-27,27.7,71.0
2018-06-28,27.4,77.0
2018-06-29,28.2,73.0
2018-06-30,28.6,74.0
2018-07-01,28.1,75.0
2018-07-02,28.8,70.0
2018-07-03,28.4,69.0
2018-07-04,27.6,75.0
2018-07-05,26.7,79.0
2018-07-06,21.7,99.0
2018-07-07,25.0,86.0
2018-07-08,27.4,79.0
2018-07-09,27.3,86.0
2018-07-10,28.5,78.0
2018-07-11,29.0,75.0
2018-07-12,26.6,83.0
2018-07-13,29.1,75.0
2018-07-14,30.1,70.0
2018-07-15,29.7,78.0
2018-07-16,29.9,78.0
2018-07-17,29.9,78.0
2018-07-18,30.5,75.0
2018-07-19,29.9,78.0
2018-07-20,29.9,75.0
2018-07-21,30.5,72.0
2018-07-22,31.0,73.0
2018-07-23,32.2,59.0
2018-07-24,29.8,76.0
2018-07-25,28.1,81.0
2018-07-26,26.5,68.0
2018-07-27,25.4,69.0
2018-07-28,24.0,96.0
2018-07-29,27.9,85.0
2018-07-30,28.0,82.0
2018-07-31,28.4,79.0
2018-08-01,30.3,73.0
2018-08-02,31.2,70.0
2018-08-03,30.5,74.0
2018-08-04,29.8,72.0
2018-08-05,30.4,77.0
2018-08-06,28.7,80.0
2018-08-07,22.2,93.0
2018-08-08,23.6,95.0
2018-08-09,27.4,85.0
2018-08-10,29.8,76.0
2018-08-11,28.7,85.0
2018-08-12,27.7,85.0
2018-08-13,27.5,91.0
2018-08-14,28.8,79.0
2018-08-15,29.7,72.0
2018-08-16,29.1,72.0
2018-08-17,26.3,44.0
2018-08-18,22.7,57.0
2018-08-19,23.6,66.0
2018-08-20,24.7,74.0
2018-08-21,28.2,80.0
2018-08-22,29.7,75.0
2018-08-23,29.4,78.0
2018-08-24,28.2,84.0
2018-08-25,31.1,70.0
2018-08-26,31.0,72.0
2018-08-27,29.4,74.0
2018-08-28,26.6,84.0
2018-08-29,26.1,86.0
2018-08-30,28.8,77.0
2018-08-31,28.7,77.0
2018-09-01,25.9,86.0
2018-09-02,22.1,95.0
2018-09-03,23.6,95.0
2018-09-04,26.5,90.0
2018-09-05,27.6,75.0
2018-09-06,27.6,67.0
2018-09-07,27.5,75.0
2018-09-08,28.8,74.0
2018-09-09,28.3,76.0
2018-09-10,25.5,89.0
2018-09-11,21.4,81.0
2018-09-12,21.0,70.0
2018-09-13,22.4,78.0
2018-09-14,21.9,93.0
2018-09-15,20.5,100.0
2018-09-16,23.1,89.0
2018-09-17,24.7,86.0
2018-09-18,23.3,88.0
2018-09-19,22.2,72.0
2018-09-20,19.9,85.0
2018-09-21,17.7,100.0
2018-09-22,21.5,95.0
2018-09-23,24.5,77.0
2018-09-24,24.4,84.0
2018-09-25,21.3,95.0
2018-09-26,17.7,96.0
2018-09-27,15.9,99.0
2018-09-28,19.7,77.0
2018-09-29,18.8,95.0
2018-09-30,20.4,97.0
2018-10-01,26.1,62.0
2018-10-02,22.0,56.0
2018-10-03,21.0,77.0
2018-10-04,20.1,78.0
2018-10-05,18.7,95.0
2018-10-06,23.7,89.0
2018-10-07,27.5,65.0
2018-10-08,21.9,73.0
2018-10-09,21.9,76.0
2018-10-10,22.4,79.0
2018-10-11,21.7,93.0
2018-10-12,20.0,77.0
2018-10-13,17.4,65.0
2018-10-14,16.4,85.0
2018-10-15,18.1,81.0
2018-10-16,18.4,79.0
2018-10-17,18.2,77.0
2018-10-18,17.2,73.0
2018-10-19,16.6,79.0
2018-10-20,16.6,79.0
2018-10-21,16.6,56.0
2018-10-22,16.6,63.0
2018-10-23,14.6,85.0
2018-10-24,17.7,81.0
2018-10-25,18.1,62.0
2018-10-26,18.0,68.0
2018-10-27,19.1,90.0
2018-10-28,16.9,73.0
2018-10-29,17.0,74.0
2018-10-30,17.0,62.0
2018-10-31,15.0,50.0
2018-11-01,14.7,47.0
2018-11-02,14.5,58.0
2018-11-03,14.9,70.0
2018-11-04,14.8,81.0
2018-11-05,18.0,88.0
2018-11-06,17.6,97.0
2018-11-07,16.6,74.0
2018-11-08,16.9,73.0
2018-11-09,15.6,100.0
2018-11-10,18.1,84.0
2018-11-11,16.3,62.0
2018-11-12,15.7,79.0
2018-11-13,14.9,83.0
2018-11-14,13.6,60.0
2018-11-15,12.5,60.0
2018-11-16,13.0,71.0
2018-11-17,14.9,62.0
2018-11-18,13.8,70.0
2018-11-19,13.4,85.0
2018-11-20,11.3,70.0
2018-11-21,11.6,70.0
2018-11-22,10.7,81.0
2018-11-23,10.8,51.0
2018-11-24,9.4,60.0
2018-11-25,10.1,69.0
2018-11-26,12.4,70.0
2018-11-27,13.8,76.0
2018-11-28,14.1,74.0
2018-11-29,12.8,74.0
2018-11-30,12.4,56.0
2018-12-01,12.0,57.0
2018-12-02,10.0,58.0
2018-12-03,13.2,69.0
2018-12-04,17.7,76.0
2018-12-05,16.8,60.0
2018-12-06,10.1,92.0
2018-12-07,12.2,85.0
2018-12-08,9.3,66.0
2018-12-09,7.8,43.0
2018-12-10,5.9,52.0
2018-12-11,4.7,72.0
2018-12-12,6.9,83.0
2018-12-13,6.7,62.0
2018-12-14,6.3,52.0
2018-12-15,6.1,42.0
2018-12-16,3.3,66.0
2018-12-17,6.6,84.0
2018-12-18,8.9,61.0
2018-12-19,8.2,58.0
2018-12-20,8.7,64.0
2018-12-21,8.9,62.0
2018-12-22,9.0,76.0
2018-12-23,9.9,87.0
2018-12-24,8.2,48.0
2018-12-25,5.8,52.0
2018-12-26,7.3,58.0
2018-12-27,9.0,54.0
2018-12-28,4.8,36.0
2018-12-29,4.3,35.0
2018-12-30,4.8,37.0
2018-12-31,4.9,44.0
2019-01-01,5.3,54.0
2019-01-02,6.2,47.0
2019-01-03,4.9,49.0
2019-01-04,5.1,59.0
2019-01-05,7.4,52.0
2019-01-06,5.3,44.0
2019-01-07,5.4,42.0
2019-01-08,4.6,59.0
2019-01-09,4.5,46.0
2019-01-10,2.0,48.0
2019-01-11,6.4,47.0
2019-01-12,4.6,67.0
2019-01-13,6.2,62.0
2019-01-14,5.6,59.0
2019-01-15,5.6,76.0
2019-01-16,6.6,50.0
2019-01-17,6.6,51.0
2019-01-18,5.9,35.0
2019-01-19,6.6,40.0
2019-01-20,7.1,51.0
2019-01-21,5.8,39.0
2019-01-22,5.0,48.0
2019-01-23,6.7,53.0
2019-01-24,6.2,36.0
2019-01-25,6.0,41.0
2019-01-26,4.5,50.0
2019-01-27,4.6,43.0
2019-01-28,6.5,49.0
2019-01-29,6.0,39.0
2019-01-30,5.2,58.0
2019-01-31,5.1,72.0
2019-02-01,4.1,45.0
2019-02-02,6.0,54.0
2019-02-03,8.5,58.0
2019-02-04,13.2,54.0
2019-02-05,6.7,55.0
2019-02-06,5.7,89.0
2019-02-07,9.6,79.0
2019-02-08,6.1,39.0
2019-02-09,0.8,83.0
2019-02-10,3.5,56.0
2019-02-11,3.0,70.0
2019-02-12,6.2,47.0
2019-02-13,5.2,55.0
2019-02-14,4.5,40.0
2019-02-15,3.0,64.0
2019-02-16,6.8,50.0
2019-02-17,6.4,36.0
2019-02-18,8.2,49.0
2019-02-19,9.1,74.0
2019-02-20,11.6,81.0
2019-02-21,10.3,46.0
2019-02-22,9.3,62.0
2019-02-23,8.9,44.0
2019-02-24,8.8,52.0
2019-02-25,11.3,62.0
2019-02-26,10.2,59.0
2019-02-27,7.7,54.0
2019-02-28,6.6,92.0
2019-03-01,8.8,78.0
2019-03-02,10.3,39.0
2019-03-03,6.5,82.0
2019-03-04,7.3,99.0
2019-03-05,9.6,73.0
2019-03-06,10.8,82.0
2019-03-07,8.2,97.0
2019-03-08,7.3,47.0
2019-03-09,10.0,52.0
2019-03-10,12.5,67.0
2019-03-11,12.3,76.0
2019-03-12,12.4,52.0
2019-03-13,11.7,51.0
2019-03-14,8.4,38.0
2019-03-15,9.7,45.0
2019-03-16,8.9,64.0
2019-03-17,9.1,42.0
2019-03-18,9.7,49.0
2019-03-19,13.2,52.0
2019-03-20,15.0,47.0
2019-03-21,17.7,73.0
2019-03-22,16.2,55.0
2019-03-23,7.1,52.0
2019-03-24,8.2,37.0
2019-03-25,9.9,50.0
2019-03-26,11.9,58.0
2019-03-27,14.2,39.0
2019-03-28,13.6,44.0
2019-03-29,7.7,56.0
2019-03-30,8.7,80.0
2019-03-31,10.5,73.0
2019-04-01,8.8,60.0
2019-04-02,7.2,55.0
2019-04-03,8.1,39.0
2019-04-04,10.6,45.0
2019-04-05,15.4,45.0
2019-04-06,15.9,42.0
2019-04-07,15.5,55.0
2019-04-08,9.3,79.0
2019-04-09,10.3,51.0
2019-04-10,5.7,90.0
2019-04-11,10.4,59.0
2019-04-12,9.6,52.0
2019-04-13,12.1,46.0
2019-04-14,14.7,59.0
2019-04-15,16.0,54.0
2019-04-16,15.3,44.0
2019-04-17,15.5,65.0
2019-04-18,17.5,62.0
2019-04-19,18.3,68.0
2019-04-20,14.2,63.0
2019-04-21,17.5,73.0
2019-04-22,19.2,69.0
2019-04-23,18.7,61.0
2019-04-24,19.1,87.0
2019-04-25,20.3,93.0
2019-04-26,11.6,93.0
2019-04-27,10.2,78.0
2019-04-28,12.6,45.0
2019-04-29,14.8,64.0
2019-04-30,14.8,96.0
2019-05-01,17.4,92.0
2019-05-02,17.3,71.0
2019-05-03,18.5,51.0
2019-05-04,18.4,68.0
2019-05-05,18.9,65.0
2019-05-06,18.8,70.0
2019-05-07,15.3,53.0
2019-05-08,16.5,42.0
2019-05-09,18.6,51.0
2019-05-10,20.6,46.0
2019-05-11,20.9,62.0
2019-05-12,17.6,71.0
2019-05-13,17.7,68.0
2019-05-14,17.9,81.0
2019-05-15,18.7,72.0
2019-05-16,20.0,66.0
2019-05-17,20.0,68.0
2019-05-18,20.3,66.0
2019-05-19,20.5,65.0
2019-05-20,20.5,73.0
2019-05-21,19.4,99.0
2019-05-22,19.4,62.0
2019-05-23,21.3,51.0
2019-05-24,23.1,49.0
2019-05-25,24.4,52.0
2019-05-26,25.2,58.0
2019-05-27,26.1,60.0
2019-05-28,23.5,61.0
2019-05-29,20.2,85.0
2019-05-30,21.2,61.0
2019-05-31,21.6,74.0
2019-06-01,21.8,71.0
2019-06-02,22.0,76.0
2019-06-03,22.2,74.0
2019-06-04,22.4,75.0
2019-06-05,22.6,77.0
2019-06-06,25.2,69.0
2019-06-07,21.0,94.0
2019-06-08,20.8,88.0
2019-06-09,17.5,89.0
2019-06-10,16.2,100.0
2019-06-11,18.3,79.0
2019-06-12,18.0,78.0
2019-06-13,20.7,74.0
2019-06-14,22.2,72.0
2019-06-15,17.3,99.0
2019-06-16,23.5,66.0
2019-06-17,23.6,50.0
2019-06-18,23.4,67.0
2019-06-19,23.5,76.0
2019-06-20,24.1,77.0
2019-06-21,24.6,80.0
2019-06-22,22.2,91.0
2019-06-23,21.4,88.0
2019-06-24,19.1,98.0
2019-06-25,22.3,81.0
2019-06-26,24.7,75.0
2019-06-27,25.6,80.0
2019-06-28,25.2,87.0
2019-06-29,20.2,99.0
2019-06-30,21.6,99.0
2019-07-01,22.7,100.0
2019-07-02,23.8,94.0
2019-07-03,24.9,86.0
2019-07-04,22.7,95.0
2019-07-05,21.9,84.0
2019-07-06,21.0,93.0
2019-07-07,19.2,99.0
2019-07-08,20.3,81.0
2019-07-09,19.7,79.0
2019-07-10,21.0,75.0
2019-07-11,19.9,84.0
2019-07-12,20.2,100.0
2019-07-13,23.4,90.0
2019-07-14,21.3,100.0
2019-07-15,21.3,93.0
2019-07-16,20.5,100.0
2019-07-17,23.9,89.0
2019-07-18,25.6,89.0
2019-07-19,26.7,89.0
2019-07-20,26.5,89.0
2019-07-21,25.0,93.0
2019-07-22,22.7,98.0
2019-07-23,24.5,95.0
2019-07-24,26.8,86.0
2019-07-25,28.0,82.0
2019-07-26,28.5,76.0
2019-07-27,28.0,86.0
2019-07-28,27.7,88.0
2019-07-29,29.0,83.0
2019-07-30,29.5,81.0
2019-07-31,30.0,81.0
2019-08-01,30.5,80.0
2019-08-02,30.2,80.0
2019-08-03,29.4,78.0
2019-08-04,29.4,76.0
2019-08-05,29.8,75.0
2019-08-06,30.3,76.0
2019-08-07,30.4,74.0
2019-08-08,29.9,78.0
2019-08-09,30.1,74.0
2019-08-10,29.6,76.0
2019-08-11,29.4,76.0
2019-08-12,28.8,81.0
2019-08-13,29.3,83.0
2019-08-14,29.2,85.0
2019-08-15,29.2,83.0
2019-08-16,29.0,79.0
2019-08-17,30.3,73.0
2019-08-18,30.1,73.0
2019-08-19,28.1,83.0
2019-08-20,26.5,91.0
2019-08-21,27.0,83.0
2019-08-22,26.0,91.0
2019-08-23,26.3,94.0
2019-08-24,27.3,79.0
2019-08-25,25.8,78.0
2019-08-26,25.3,76.0
2019-08-27,25.3,84.0
2019-08-28,25.6,91.0
2019-08-29,28.9,75.0
2019-08-30,26.0,89.0
2019-08-31,27.3,81.0
2019-09-01,27.7,77.0
2019-09-02,27.6,83.0
2019-09-03,25.8,88.0
2019-09-04,23.7,84.0
2019-09-05,25.7,81.0
2019-09-06,27.9,79.0
2019-09-07,28.4,80.0
2019-09-08,29.1,82.0
2019-09-09,29.0,79.0
2019-09-10,29.9,74.0
2019-09-11,27.4,88.0
2019-09-12,25.1,70.0
2019-09-13,22.4,67.0
2019-09-14,22.1,80.0
2019-09-15,25.2,75.0
2019-09-16,22.9,99.0
2019-09-17,25.8,79.0
2019-09-18,21.2,90.0
2019-09-19,22.1,75.0
2019-09-20,22.8,65.0
2019-09-21,21.8,75.0
2019-09-22,22.4,80.0
2019-09-23,26.0,85.0
2019-09-24,25.4,75.0
2019-09-25,24.3,69.0
2019-09-26,22.8,73.0
2019-09-27,23.0,76.0
2019-09-28,24.4,74.0
2019-09-29,24.7,83.0
2019-09-30,25.2,70.0
2019-10-01,24.5,70.0
2019-10-02,23.9,75.0
2019-10-03,24.5,74.0
2019-10-04,24.8,76.0
2019-10-05,26.1,58.0
2019-10-06,20.5,85.0
2019-10-07,20.0,79.0
2019-10-08,21.7,89.0
2019-10-09,20.8,50.0
2019-10-10,19.4,73.0
2019-10-11,19.6,97.0
2019-10-12,23.3,98.0
2019-10-13,24.5,53.0
2019-10-14,17.0,88.0
2019-10-15,18.4,80.0
2019-10-16,16.1,69.0
2019-10-17,16.2,87.0
2019-10-18,16.5,91.0
2019-10-19,17.4,99.0
2019-10-20,20.1,85.0
2019-10-21,18.2,78.0
2019-10-22,15.4,93.0
2019-10-23,18.5,76.0
2019-10-24,18.1,81.0
2019-10-25,15.1,99.0
2019-10-26,18.1,86.0
2019-10-27,18.3,78.0
2019-10-28,17.4,71.0
2019-10-29,14.5,93.0
2019-10-30,,
2019-10-31,16.8,83.0
2019-11-01,17.4,73.0
2019-11-02,15.7,63.0
2019-11-03,15.8,79.0
2019-11-04,14.6,74.0
2019-11-05,13.7,58.0
2019-11-06,14.3,61.0
2019-11-07,16.0,62.0
2019-11-08,15.1,54.0
2019-11-09,13.3,62.0
2019-11-10,13.9,64.0
2019-11-11,12.9,89.0
2019-11-12,15.1,59.0
2019-11-13,13.3,62.0
2019-11-14,16.9,58.0
2019-11-15,12.6,64.0
2019-11-16,12.8,65.0
2019-11-17,13.4,54.0
2019-11-18,16.1,68.0
2019-11-19,15.8,74.0
2019-11-20,12.0,40.0
2019-11-21,11.3,46.0
2019-11-22,8.1,87.0
2019-11-23,11.3,100.0
2019-11-24,15.9,99.0
2019-11-25,16.6,89.0
2019-11-26,8.8,81.0
2019-11-27,9.3,89.0
2019-11-28,8.5,84.0
2019-11-29,5.2,56.0
2019-11-30,7.3,56.0
2019-12-01,7.4,67.0
2019-12-02,9.5,94.0
2019-12-03,,
2019-12-04,10.2,51.0
2019-12-05,9.6,50.0
2019-12-06,8.0,52.0
2019-12-07,5.5,74.0
2019-12-08,7.4,59.0
2019-12-09,,
2019-12-10,10.2,87.0
2019-12-11,11.7,86.0
2019-12-12,11.7,62.0
2019-12-13,7.5,52.0
2019-12-14,9.4,56.0
2019-12-15,8.7,44.0
2019-12-16,7.8,60.0
2019-12-17,8.2,85.0
2019-12-18,11.1,78.0
2019-12-19,9.0,75.0
2019-12-20,10.6,64.0
2019-12-21,8.1,73.0
2019-12-22,6.8,87.0
2019-12-23,6.8,86.0
2019-12-24,8.2,53.0
2019-12-25,5.9,56.0
2019-12-26,7.8,68.0
2019-12-27,8.7,68.0
2019-12-28,6.8,44.0
2019-12-29,7.0,50.0
2019-12-30,6.7,72.0
2019-12-31,8.2,60.0
2020-01-01,5.5,49.0
2020-01-02,6.2,60.0
2020-01-03,6.1,63.0
2020-01-04,7.2,53.0
2020-01-05,5.4,61.0
2020-01-06,7.5,44.0
2020-01-07,5.7,71.0
2020-01-08,5.2,97.0
2020-01-09,10.6,47.0
2020-01-10,8.4,59.0
2020-01-11,7.0,68.0
2020-01-12,6.7,72.0
2020-01-13,8.5,68.0
2020-01-14,8.4,71.0
2020-01-15,6.8,87.0
2020-01-16,6.7,49.0
2020-01-17,7.3,59.0
2020-01-18,3.8,84.0
2020-01-19,6.5,64.0
2020-01-20,7.5,62.0
2020-01-21,7.4,46.0
2020-01-22,4.9,55.0
2020-01-23,6.1,84.0
2020-01-24,9.9,73.0
2020-01-25,7.8,47.0
2020-01-26,5.0,78.0
2020-01-27,5.1,72.0
2020-01-28,4.4,98.0
2020-01-29,11.8,83.0
2020-01-30,11.7,61.0
2020-01-31,8.1,44.0
2020-02-01,7.9,40.0
2020-02-02,8.7,40.0
2020-02-03,9.3,52.0
2020-02-04,7.9,54.0
2020-02-05,7.6,49.0
2020-02-06,2.9,34.0
2020-02-07,2.4,48.0
2020-02-08,6.2,45.0
2020-02-09,3.9,37.0
2020-02-10,4.6,46.0
2020-02-11,6.3,46.0
2020-02-12,8.7,51.0
2020-02-13,11.7,61.0
2020-02-14,12.0,75.0
2020-02-15,12.4,66.0
2020-02-16,9.3,91.0
2020-02-17,10.3,86.0
2020-02-18,7.6,44.0
2020-02-19,8.1,44.0
2020-02-20,9.0,58.0
2020-02-21,10.0,64.0
2020-02-22,12.5,77.0
2020-02-23,10.4,35.0
2020-02-24,9.8,50.0
2020-02-25,10.5,60.0
2020-02-26,8.1,88.0
2020-02-27,7.0,49.0
2020-02-28,7.0,48.0
2020-02-29,9.4,64.0
2020-03-01,12.0,65.0
2020-03-02,7.3,94.0
2020-03-03,11.3,59.0
2020-03-04,8.9,85.0
2020-03-05,9.2,53.0
2020-03-06,9.4,33.0
2020-03-07,7.3,68.0
2020-03-08,7.2,94.0
2020-03-09,13.1,79.0
2020-03-10,14.7,97.0
2020-03-11,15.3,58.0
2020-03-12,11.4,48.0
2020-03-13,12.5,62.0
2020-03-14,5.5,88.0
2020-03-15,7.1,67.0
2020-03-16,7.1,55.0
2020-03-17,7.7,47.0
2020-03-18,11.9,52.0
2020-03-19,14.6,65.0
2020-03-20,14.5,48.0
2020-03-21,13.8,44.0
2020-03-22,16.8,49.0
2020-03-23,10.3,59.0
2020-03-24,8.2,44.0
2020-03-25,10.0,45.0
2020-03-26,13.0,50.0
2020-03-27,16.2,69.0
2020-03-28,15.5,83.0
2020-03-29,3.6,96.0
2020-03-30,7.6,72.0
2020-03-31,9.8,79.0
2020-04-01,11.4,97.0
2020-04-02,13.9,45.0
2020-04-03,12.8,50.0
2020-04-04,15.7,62.0
2020-04-05,10.2,73.0
2020-04-06,12.1,43.0
2020-04-07,12.4,50.0
2020-04-08,14.3,60.0
2020-04-09,13.3,62.0
2020-04-10,11.2,49.0
2020-04-11,11.4,48.0
2020-04-12,10.3,84.0
2020-04-13,8.0,97.0
2020-04-14,10.9,54.0
2020-04-15,13.8,48.0
2020-04-16,11.7,66.0
2020-04-17,12.4,62.0
2020-04-18,12.9,96.0
2020-04-19,14.7,64.0
2020-04-20,9.7,94.0
2020-04-21,14.2,82.0
2020-04-22,13.5,65.0
2020-04-23,11.9,56.0
2020-04-24,12.2,55.0
2020-04-25,12.7,61.0
2020-04-26,18.3,52.0
2020-04-27,12.8,78.0
2020-04-28,12.3,85.0
2020-04-29,15.1,69.0
2020-04-30,18.0,66.0
2020-05-01,19.9,67.0
2020-05-02,20.6,73.0
2020-05-03,20.7,70.0
2020-05-04,19.3,87.0
2020-05-05,21.3,73.0
2020-05-06,15.8,90.0
2020-05-07,16.5,61.0
2020-05-08,16.7,48.0
2020-05-09,18.3,64.0
2020-05-10,21.5,82.0
2020-05-11,22.9,80.0
2020-05-12,21.7,75.0
2020-05-13,22.3,55.0
2020-05-14,20.8,40.0
2020-05-15,21.5,52.0
2020-05-16,18.5,89.0
2020-05-17,21.6,74.0
2020-05-18,19.2,91.0
2020-05-19,17.7,97.0
2020-05-20,12.7,90.0
2020-05-21,12.7,89.0
2020-05-22,15.3,89.0
2020-05-23,18.4,86.0
2020-05-24,20.8,75.0
2020-05-25,21.6,72.0
2020-05-26,20.9,87.0
2020-05-27,,
2020-05-28,19.4,69.0
2020-05-29,20.7,65.0
2020-05-30,22.0,71.0
2020-05-31,21.3,73.0
2020-06-01,19.6,93.0
2020-06-02,22.3,87.0
2020-06-03,24.0,76.0
2020-06-04,23.5,79.0
2020-06-05,24.8,74.0
2020-06-06,24.2,77.0
2020-06-07,22.0,67.0
2020-06-08,23.2,73.0
2020-06-09,25.5,68.0
2020-06-10,26.2,65.0
2020-06-11,25.1,85.0
2020-06-12,26.2,84.0
2020-06-13,21.3,99.0
2020-06-14,21.7,99.0
2020-06-15,25.9,81.0
2020-06-16,25.5,68.0
2020-06-17,23.6,63.0
2020-06-18,22.1,82.0
2020-06-19,18.7,99.0
2020-06-20,22.9,76.0
2020-06-21,21.9,83.0
2020-06-22,19.2,95.0
2020-06-23,22.3,86.0
2020-06-24,22.5,84.0
2020-06-25,20.2,94.0
2020-06-26,24.7,85.0
2020-06-27,25.5,83.0
2020-06-28,22.2,96.0
2020-06-29,24.9,69.0
2020-06-30,24.6,90.0
2020-07-01,25.1,89.0
2020-07-02,25.9,72.0
2020-07-03,23.8,80.0
2020-07-04,23.8,90.0
2020-07-05,24.9,87.0
2020-07-06,24.8,92.0
2020-07-07,27.2,84.0
2020-07-08,26.0,83.0
2020-07-09,23.7,96.0
2020-07-10,25.3,90.0
2020-07-11,27.5,82.0
2020-07-12,26.0,81.0
2020-07-13,21.0,90.0
2020-07-14,22.3,97.0
2020-07-15,20.4,97.0
2020-07-16,20.7,86.0
2020-07-17,19.3,98.0
2020-07-18,20.4,100.0
2020-07-19,24.3,90.0
2020-07-20,26.9,80.0
2020-07-21,25.5,88.0
2020-07-22,26.6,89.0
2020-07-23,23.2,99.0
2020-07-24,24.5,94.0
2020-07-25,25.1,98.0
2020-07-26,25.6,95.0
2020-07-27,26.3,88.0
2020-07-28,26.7,90.0
2020-07-29,22.9,87.0
2020-07-30,23.2,84.0
2020-07-31,24.8,90.0
2020-08-01,26.1,77.0
2020-08-02,26.3,75.0
2020-08-03,27.2,74.0
2020-08-04,28.3,77.0
2020-08-05,29.1,76.0
2020-08-06,28.5,79.0
2020-08-07,29.5,71.0
2020-08-08,28.1,79.0
2020-08-09,28.7,77.0
2020-08-10,30.5,73.0
2020-08-11,31.7,67.0
2020-08-12,30.0,79.0
2020-08-13,29.4,82.0
2020-08-14,29.4,78.0
2020-08-15,31.0,76.0
2020-08-16,31.2,74.0
2020-08-17,30.8,76.0
2020-08-18,30.3,71.0
2020-08-19,29.0,72.0
2020-08-20,29.7,74.0
2020-08-21,30.1,72.0
2020-08-22,29.3,75.0
2020-08-23,25.6,87.0
2020-08-24,27.2,79.0
2020-08-25,27.8,75.0
2020-08-26,28.8,77.0
2020-08-27,29.3,79.0
2020-08-28,30.2,76.0
2020-08-29,30.3,73.0
2020-08-30,30.0,73.0
2020-08-31,27.5,80.0
2020-09-01,24.9,85.0
2020-09-02,26.8,93.0
2020-09-03,28.4,85.0
2020-09-04,29.3,76.0
2020-09-05,28.6,79.0
2020-09-06,25.7,94.0
2020-09-07,26.7,93.0
2020-09-08,29.5,73.0
2020-09-09,29.0,72.0
2020-09-10,27.7,80.0
2020-09-11,28.3,79.0
2020-09-12,23.7,97.0
2020-09-13,23.3,89.0
2020-09-14,23.4,86.0
2020-09-15,23.8,82.0
2020-09-16,24.0,81.0
2020-09-17,24.9,88.0
2020-09-18,29.0,74.0
2020-09-19,24.7,78.0
2020-09-20,22.2,80.0
2020-09-21,22.0,78.0
2020-09-22,22.5,76.0
2020-09-23,20.2,95.0
2020-09-24,19.0,92.0
2020-09-25,19.4,95.0
2020-09-26,18.5,97.0
2020-09-27,19.7,88.0
2020-09-28,21.5,71.0
2020-09-29,19.7,67.0
2020-09-30,20.0,66.0
2020-10-01,19.5,85.0
2020-10-02,21.0,72.0
2020-10-03,21.7,74.0
2020-10-04,22.0,77.0
2020-10-05,21.7,81.0
2020-10-06,21.0,52.0
2020-10-07,18.3,73.0
2020-10-08,14.7,99.0
2020-10-09,14.5,99.0
2020-10-10,16.0,100.0
2020-10-11,19.8,91.0
2020-10-12,21.5,87.0
2020-10-13,22.1,79.0
2020-10-14,20.3,67.0
2020-10-15,16.8,83.0
2020-10-16,16.1,59.0
2020-10-17,12.7,93.0
2020-10-18,14.3,83.0
2020-10-19,13.1,89.0
2020-10-20,15.6,75.0
2020-10-21,16.0,69.0
2020-10-22,17.4,70.0
2020-10-23,16.8,93.0
2020-10-24,17.3,56.0
2020-10-25,15.5,55.0
2020-10-26,16.2,65.0
2020-10-27,16.7,65.0
2020-10-28,16.6,73.0
2020-10-29,17.3,55.0
2020-10-30,14.9,47.0
2020-10-31,13.8,54.0
2020-11-01,14.3,69.0
2020-11-02,15.6,78.0
2020-11-03,14.8,92.0
2020-11-04,13.7,47.0
2020-11-05,13.4,56.0
2020-11-06,,
2020-11-07,15.5,77.0
2020-11-08,17.3,75.0
2020-11-09,13.5,44.0
2020-11-10,11.9,50.0
2020-11-11,11.9,48.0
2020-11-12,10.2,63.0
2020-11-13,13.7,67.0
2020-11-14,14.7,56.0
2020-11-15,13.4,65.0
2020-11-16,14.7,66.0
2020-11-17,15.2,62.0
2020-11-18,15.8,77.0
2020-11-19,19.1,74.0
2020-11-20,21.9,73.0
2020-11-21,16.6,46.0
2020-11-22,15.0,66.0
2020-11-23,15.5,54.0
2020-11-24,11.8,56.0
2020-11-25,10.5,94.0
2020-11-26,12.8,81.0
2020-11-27,11.6,78.0
2020-11-28,11.8,56.0
2020-11-29,10.1,56.0
2020-11-30,9.9,69.0
2020-12-01,10.2,66.0
2020-12-02,8.2,81.0
2020-12-03,8.1,91.0
2020-12-04,9.2,61.0
2020-12-05,6.6,86.0
2020-12-06,8.2,80.0
2020-12-07,9.7,71.0
2020-12-08,11.4,66.0
2020-12-09,9.8,61.0
2020-12-10,9.3,72.0
2020-12-11,10.2,76.0
2020-12-12,11.4,70.0
2020-12-13,9.9,72.0
2020-12-14,8.5,62.0
2020-12-15,6.1,45.0
2020-12-16,4.6,43.0
2020-12-17,4.3,42.0
2020-12-18,6.1,52.0
2020-12-19,5.8,48.0
2020-12-20,4.4,45.0
2020-12-21,5.3,40.0
2020-12-22,5.6,61.0
2020-12-23,7.7,54.0
2020-12-24,8.0,56.0
2020-12-25,8.7,49.0
2020-12-26,6.4,51.0
2020-12-27,7.8,59.0
2020-12-28,8.5,72.0
2020-12-29,8.7,66.0
2020-12-30,6.9,68.0
2020-12-31,3.4,34.0
2021-01-01,4.4,40.0
2021-01-02,4.8,53.0
2021-01-03,3.7,52.0
2021-01-04,5.8,52.0
2021-01-05,6.0,67.0
2021-01-06,5.3,73.0
2021-01-07,6.3,47.0
2021-01-08,2.4,42.0
2021-01-09,2.9,31.0
2021-01-10,2.6,44.0
2021-01-11,2.3,47.0
2021-01-12,3.4,68.0
2021-01-13,5.8,64.0
2021-01-14,7.9,55.0
2021-01-15,6.6,68.0
2021-01-16,10.0,61.0
2021-01-17,6.1,52.0
2021-01-18,4.3,67.0
2021-01-19,4.4,40.0
2021-01-20,3.9,41.0
2021-01-21,4.8,53.0
2021-01-22,8.7,48.0
2021-01-23,6.4,85.0
2021-01-24,4.3,95.0
2021-01-25,7.6,74.0
2021-01-26,7.5,73.0
2021-01-27,10.3,68.0
2021-01-28,4.4,78.0
2021-01-29,5.3,54.0
2021-01-30,4.1,36.0
2021-01-31,5.4,42.0
2021-02-01,7.2,57.0
2021-02-02,8.8,67.0
2021-02-03,6.2,42.0
2021-02-04,7.0,42.0
2021-02-05,7.1,53.0
2021-02-06,8.9,55.0
2021-02-07,9.9,49.0
2021-02-08,6.1,41.0
2021-02-09,4.7,32.0
2021-02-10,6.7,48.0
2021-02-11,8.7,44.0
2021-02-12,7.8,56.0
2021-02-13,10.4,66.0
2021-02-14,12.3,64.0
2021-02-15,11.4,91.0
2021-02-16,10.6,38.0
2021-02-17,7.6,37.0
2021-02-18,4.3,35.0
2021-02-19,6.9,41.0
2021-02-20,10.2,47.0
2021-02-21,13.9,56.0
2021-02-22,14.9,53.0
2021-02-23,11.0,39.0
2021-02-24,6.4,34.0
2021-02-25,6.6,45.0
2021-02-26,8.7,43.0
2021-02-27,5.7,38.0
2021-02-28,6.6,54.0
2021-03-01,11.8,64.0
2021-03-02,13.5,82.0
2021-03-03,7.4,43.0
2021-03-04,9.0,60.0
2021-03-05,11.8,78.0
2021-03-06,13.8,70.0
2021-03-07,7.8,56.0
2021-03-08,6.6,87.0
2021-03-09,9.6,70.0
2021-03-10,12.0,45.0
2021-03-11,9.9,52.0
2021-03-12,12.7,63.0
2021-03-13,11.1,95.0
2021-03-14,12.5,46.0
2021-03-15,12.9,34.0
2021-03-16,14.5,46.0
2021-03-17,13.7,38.0
2021-03-18,12.3,49.0
2021-03-19,12.9,57.0
2021-03-20,14.1,68.0
2021-03-21,16.7,95.0
2021-03-22,12.1,54.0
2021-03-23,10.8,46.0
2021-03-24,13.8,61.0
2021-03-25,14.5,76.0
2021-03-26,14.5,42.0
2021-03-27,13.7,49.0
2021-03-28,16.5,80.0
2021-03-29,17.5,84.0
2021-03-30,17.8,76.0
2021-03-31,17.9,54.0
2021-04-01,16.6,61.0
2021-04-02,16.0,63.0
2021-04-03,16.9,63.0
2021-04-04,18.5,75.0
2021-04-05,12.9,89.0
2021-04-06,10.6,65.0
2021-04-07,13.3,59.0
2021-04-08,13.3,65.0
2021-04-09,11.9,46.0
2021-04-10,10.4,42.0
2021-04-11,12.5,58.0
2021-04-12,14.4,60.0
2021-04-13,15.7,79.0
2021-04-14,15.3,96.0
2021-04-15,10.7,53.0
2021-04-16,13.7,64.0
2021-04-17,15.7,80.0
2021-04-18,16.4,51.0
2021-04-19,15.8,41.0
2021-04-20,17.2,52.0
2021-04-21,19.1,35.0
2021-04-22,18.1,32.0
2021-04-23,13.8,52.0
2021-04-24,15.3,57.0
2021-04-25,16.9,58.0
2021-04-26,13.4,35.0
2021-04-27,14.6,54.0
2021-04-28,18.2,63.0
2021-04-29,17.2,91.0
2021-04-30,18.8,64.0
2021-05-01,17.7,73.0
2021-05-02,16.3,66.0
2021-05-03,16.4,42.0
2021-05-04,18.0,52.0
2021-05-05,18.3,72.0
2021-05-06,18.5,75.0
2021-05-07,17.5,83.0
2021-05-08,19.5,71.0
2021-05-09,23.0,56.0
2021-05-10,20.2,43.0
2021-05-11,17.5,58.0
2021-05-12,17.9,56.0
2021-05-13,16.1,94.0
2021-05-14,20.8,77.0
2021-05-15,21.2,72.0
2021-05-16,20.0,82.0
2021-05-17,23.0,88.0
2021-05-18,20.5,90.0
2021-05-19,17.2,98.0
2021-05-20,19.1,93.0
2021-05-21,21.7,92.0
2021-05-22,20.0,83.0
2021-05-23,19.6,77.0
2021-05-24,22.1,65.0
2021-05-25,22.4,66.0
2021-05-26,21.1,61.0
2021-05-27,16.9,94.0
2021-05-28,20.5,75.0
2021-05-29,22.8,67.0
2021-05-30,21.2,71.0
2021-05-31,20.6,68.0
2021-06-01,20.1,74.0
2021-06-02,22.0,70.0
2021-06-03,22.1,73.0
2021-06-04,21.0,97.0
2021-06-05,22.1,77.0
2021-06-06,21.7,83.0
2021-06-07,23.4,71.0
2021-06-08,24.8,64.0
2021-06-09,24.5,55.0
2021-06-10,24.1,64.0
2021-06-11,23.7,68.0
2021-06-12,23.3,73.0
2021-06-13,24.3,68.0
2021-06-14,21.0,92.0
2021-06-15,23.4,80.0
2021-06-16,22.2,87.0
2021-06-17,21.8,77.0
2021-06-18,22.8,69.0
2021-06-19,20.3,95.0
2021-06-20,22.8,85.0
2021-06-21,22.9,74.0
2021-06-22,23.1,76.0
2021-06-23,22.0,82.0
2021-06-24,22.8,78.0
2021-06-25,23.3,79.0
2021-06-26,24.2,74.0
2021-06-27,23.7,78.0
2021-06-28,24.4,73.0
2021-06-29,21.9,90.0
2021-06-30,20.6,91.0
2021-07-01,20.9,98.0
2021-07-02,21.2,100.0
2021-07-03,22.2,92.0
2021-07-04,20.1,98.0
2021-07-05,22.1,96.0
2021-07-06,24.7,91.0
2021-07-07,25.8,85.0
2021-07-08,23.7,93.0
2021-07-09,23.5,100.0
2021-07-10,27.0,86.0
2021-07-11,24.7,91.0
2021-07-12,25.8,82.0
2021-07-13,25.5,81.0
2021-07-14,25.3,82.0
2021-07-15,26.4,80.0
2021-07-16,27.7,77.0
2021-07-17,27.4,74.0
2021-07-18,28.1,76.0
2021-07-19,29.2,75.0
2021-07-20,28.8,72.0
2021-07-21,28.4,70.0
2021-07-22,28.4,69.0
2021-07-23,28.4,71.0
2021-07-24,28.5,72.0
2021-07-25,28.5,70.0
2021-07-26,27.5,66.0
2021-07-27,24.9,84.0
2021-07-28,27.7,79.0
2021-07-29,27.8,79.0
2021-07-30,25.8,93.0
2021-07-31,27.5,77.0
2021-08-01,28.7,76.0
2021-08-02,28.6,80.0
2021-08-03,29.0,80.0
2021-08-04,29.5,76.0
2021-08-05,29.1,74.0
2021-08-06,29.1,75.0
2021-08-07,27.9,85.0
2021-08-08,25.9,97.0
2021-08-09,28.1,84.0
2021-08-10,31.0,58.0
2021-08-11,29.2,61.0
2021-08-12,26.0,84.0
2021-08-13,22.5,97.0
2021-08-14,22.3,100.0
2021-08-15,19.3,100.0
2021-08-16,20.7,98.0
2021-08-17,23.7,96.0
2021-08-18,27.0,83.0
2021-08-19,28.5,74.0
2021-08-20,28.7,71.0
2021-08-21,27.9,75.0
2021-08-22,28.5,76.0
2021-08-23,26.9,84.0
2021-08-24,27.5,78.0
2021-08-25,29.4,76.0
2021-08-26,30.5,75.0
2021-08-27,30.0,74.0
2021-08-28,29.8,76.0
2021-08-29,28.5,72.0
2021-08-30,29.2,79.0
2021-08-31,26.9,76.0
2021-09-01,20.7,95.0
2021-09-02,19.4,99.0
2021-09-03,19.7,99.0
2021-09-04,20.6,97.0
2021-09-05,21.0,87.0
2021-09-06,19.9,86.0
2021-09-07,20.4,71.0
2021-09-08,20.3,83.0
2021-09-09,20.5,96.0
2021-09-10,24.8,81.0
2021-09-11,25.0,85.0
2021-09-12,24.4,89.0
2021-09-13,25.2,71.0
2021-09-14,22.8,84.0
2021-09-15,22.9,82.0
2021-09-16,22.3,74.0
2021-09-17,22.3,78.0
2021-09-18,23.7,98.0
2021-09-19,23.9,74.0
2021-09-20,22.4,69.0
2021-09-21,22.7,75.0
2021-09-22,24.9,85.0
2021-09-23,26.6,77.0
2021-09-24,25.4,62.0
2021-09-25,22.1,73.0
2021-09-26,19.9,76.0
2021-09-27,20.1,75.0
2021-09-28,21.1,73.0
2021-09-29,21.9,78.0
2021-09-30,23.2,83.0
2021-10-01,19.0,91.0
2021-10-02,21.9,77.0
2021-10-03,22.1,75.0
2021-10-04,23.5,77.0
2021-10-05,23.9,75.0
2021-10-06,22.8,74.0
2021-10-07,21.3,80.0
2021-10-08,24.2,75.0
2021-10-09,22.7,83.0
2021-10-10,22.2,80.0
2021-10-11,24.0,80.0
2021-10-12,20.5,90.0
2021-10-13,17.4,97.0
2021-10-14,19.1,82.0
2021-10-15,20.7,80.0
2021-10-16,21.0,90.0
2021-10-17,15.7,84.0
2021-10-18,13.6,58.0
2021-10-19,13.5,75.0
2021-10-20,16.1,62.0
2021-10-21,15.4,51.0
2021-10-22,11.2,92.0
2021-10-23,13.6,63.0
2021-10-24,13.4,63.0
2021-10-25,14.0,70.0
2021-10-26,15.0,85.0
2021-10-27,14.5,91.0
2021-10-28,17.6,62.0
2021-10-29,15.3,53.0
2021-10-30,14.5,61.0
2021-10-31,13.6,80.0
2021-11-01,16.8,81.0
2021-11-02,17.7,78.0
2021-11-03,17.1,61.0
2021-11-04,15.5,57.0
2021-11-05,15.3,61.0
2021-11-06,14.9,66.0
2021-11-07,15.7,73.0
2021-11-08,16.4,79.0
2021-11-09,16.1,99.0
2021-11-10,16.0,60.0
2021-11-11,15.4,49.0
2021-11-12,14.5,52.0
2021-11-13,13.1,55.0
2021-11-14,14.0,62.0
2021-11-15,14.3,57.0
2021-11-16,14.2,66.0
2021-11-17,13.5,60.0
2021-11-18,12.6,72.0
2021-11-19,,
2021-11-20,13.2,69.0
2021-11-21,12.5,83.0
2021-11-22,13.5,98.0
2021-11-23,12.5,58.0
2021-11-24,11.4,48.0
2021-11-25,12.3,51.0
2021-11-26,12.0,59.0
2021-11-27,9.6,48.0
2021-11-28,8.9,51.0
2021-11-29,8.1,59.0
2021-11-30,11.0,72.0
2021-12-01,15.5,67.0
2021-12-02,10.1,44.0
2021-12-03,9.7,58.0
2021-12-04,9.9,55.0
2021-12-05,8.6,51.0
2021-12-06,8.9,66.0
2021-12-07,11.8,86.0
2021-12-08,9.5,92.0
2021-12-09,10.2,66.0
2021-12-10,8.6,69.0
2021-12-11,9.4,73.0
2021-12-12,11.3,72.0
2021-12-13,9.7,46.0
2021-12-14,5.1,77.0
2021-12-15,7.6,73.0
2021-12-16,9.5,68.0
2021-12-17,8.7,80.0
2021-12-18,4.5,39.0
2021-12-19,4.3,53.0
2021-12-20,6.4,61.0
2021-12-21,8.2,66.0
2021-12-22,8.8,50.0
2021-12-23,8.3,41.0
2021-12-24,8.0,58.0
2021-12-25,8.3,68.0
2021-12-26,3.5,36.0
2021-12-27,2.7,40.0
2021-12-28,3.8,49.0
2021-12-29,4.2,54.0
2021-12-30,6.5,53.0
2021-12-31,3.2,51.0
2022-01-01,3.4,32.0
2022-01-02,3.5,52.0
2022-01-03,5.5,56.0
2022-01-04,5.2,56.0
2022-01-05,4.1,37.0
2022-01-06,0.7,74.0
2022-01-07,2.6,64.0
2022-01-08,4.5,53.0
2022-01-09,6.3,53.0
2022-01-10,7.7,60.0
2022-01-11,5.7,91.0
2022-01-12,5.0,46.0
2022-01-13,5.7,44.0
2022-01-14,4.4,38.0
2022-01-15,5.5,39.0
2022-01-16,5.4,60.0
2022-01-17,6.0,58.0
2022-01-18,4.4,39.0
2022-01-19,3.7,44.0
2022-01-20,3.4,53.0
2022-01-21,3.0,43.0
2022-01-22,4.5,43.0
2022-01-23,5.1,54.0
2022-01-24,6.4,53.0
2022-01-25,5.2,57.0
2022-01-26,5.5,83.0
2022-01-27,6.8,53.0
2022-01-28,6.6,41.0
2022-01-29,5.9,49.0
2022-01-30,5.2,44.0
2022-01-31,4.9,36.0
2022-02-01,5.6,46.0
2022-02-02,5.5,45.0
2022-02-03,5.8,42.0
2022-02-04,4.9,50.0
2022-02-05,3.5,45.0
2022-02-06,2.3,45.0
2022-02-07,4.5,36.0
2022-02-08,5.3,55.0
2022-02-09,6.2,50.0
2022-02-10,2.3,90.0
2022-02-11,4.1,77.0
2022-02-12,4.7,62.0
2022-02-13,3.1,86.0
2022-02-14,3.9,77.0
2022-02-15,5.5,72.0
2022-02-16,6.0,60.0
2022-02-17,4.6,34.0
2022-02-18,5.7,41.0
2022-02-19,5.0,72.0
2022-02-20,5.9,77.0
2022-02-21,4.1,34.0
2022-02-22,4.4,38.0
2022-02-23,4.4,38.0
2022-02-24,4.8,34.0
2022-02-25,6.5,34.0
2022-02-26,8.6,47.0
2022-02-27,9.5,44.0
2022-02-28,9.8,41.0
2022-03-01,11.0,51.0
2022-03-02,11.2,57.0
2022-03-03,9.5,64.0
2022-03-04,8.1,49.0
2022-03-05,11.2,55.0
2022-03-06,8.1,33.0
2022-03-07,8.3,35.0
2022-03-08,6.3,74.0
2022-03-09,7.9,58.0
2022-03-10,9.0,57.0
2022-03-11,12.0,59.0
2022-03-12,14.6,48.0
2022-03-13,14.7,65.0
2022-03-14,16.4,70.0
2022-03-15,12.7,65.0
2022-03-16,14.1,64.0
2022-03-17,14.1,62.0
2022-03-18,5.2,91.0
2022-03-19,10.1,82.0
2022-03-20,9.9,59.0
2022-03-21,9.6,62.0
2022-03-22,3.7,92.0
2022-03-23,5.2,66.0
2022-03-24,8.2,73.0
2022-03-25,12.2,54.0
2022-03-26,16.1,80.0
2022-03-27,16.2,72.0
2022-03-28,13.5,49.0
2022-03-29,10.2,55.0
2022-03-30,14.5,77.0
2022-03-31,15.1,76.0
2022-04-01,7.6,63.0
2022-04-02,8.5,51.0
2022-04-03,8.2,84.0
2022-04-04,8.5,97.0
2022-04-05,12.6,78.0
2022-04-06,15.5,73.0
2022-04-07,14.3,72.0
2022-04-08,15.4,57.0
2022-04-09,17.2,65.0
2022-04-10,19.6,60.0
2022-04-11,18.9,73.0
2022-04-12,20.0,70.0
2022-04-13,20.8,75.0
2022-04-14,12.3,90.0
2022-04-15,10.1,97.0
2022-04-16,12.5,76.0
2022-04-17,13.7,68.0
2022-04-18,14.3,84.0
2022-04-19,15.3,75.0
2022-04-20,12.2,84.0
2022-04-21,16.4,76.0
2022-04-22,19.2,82.0
2022-04-23,20.8,74.0
2022-04-24,17.3,81.0
2022-04-25,19.9,77.0
2022-04-26,21.3,89.0
2022-04-27,23.0,79.0
2022-04-28,16.9,57.0
2022-04-29,12.9,86.0
2022-04-30,12.6,64.0
2022-05-01,12.7,83.0
2022-05-02,13.3,74.0
2022-05-03,15.2,63.0
2022-05-04,17.9,60.0
2022-05-05,19.8,65.0
2022-05-06,19.5,71.0
2022-05-07,18.5,87.0
2022-05-08,18.3,59.0
2022-05-09,14.1,80.0
2022-05-10,16.5,64.0
2022-05-11,18.7,63.0
2022-05-12,19.4,87.0
2022-05-13,18.8,100.0
2022-05-14,21.8,87.0
2022-05-15,17.5,67.0
2022-05-16,14.5,95.0
2022-05-17,15.7,90.0
2022-05-18,18.8,73.0
2022-05-19,20.5,60.0
2022-05-20,21.2,72.0
2022-05-21,18.2,91.0
2022-05-22,19.0,79.0
2022-05-23,19.6,72.0
2022-05-24,20.9,72.0
2022-05-25,21.8,71.0
2022-05-26,21.6,72.0
2022-05-27,21.0,91.0
2022-05-28,22.4,62.0
2022-05-29,24.1,53.0
2022-05-30,22.3,70.0
2022-05-31,18.7,91.0
2022-06-01,21.8,60.0
2022-06-02,22.5,70.0
2022-06-03,20.6,83.0
2022-06-04,20.3,68.0
2022-06-05,21.5,76.0
2022-06-06,16.6,97.0
2022-06-07,16.8,90.0
2022-06-08,17.2,82.0
2022-06-09,19.1,83.0
2022-06-10,21.2,78.0
2022-06-11,21.9,80.0
2022-06-12,21.4,72.0
2022-06-13,21.2,53.0
2022-06-14,17.3,80.0
2022-06-15,16.9,95.0
2022-06-16,20.3,87.0
2022-06-17,22.8,83.0
2022-06-18,22.7,90.0
2022-06-19,24.0,83.0
2022-06-20,25.1,81.0
2022-06-21,25.2,80.0
2022-06-22,23.8,87.0
2022-06-23,23.5,87.0
2022-06-24,27.5,75.0
2022-06-25,30.0,67.0
2022-06-26,29.6,61.0
2022-06-27,29.5,65.0
2022-06-28,29.2,71.0
2022-06-29,29.4,71.0
2022-06-30,30.8,66.0
2022-07-01,30.4,68.0
2022-07-02,29.5,72.0
2022-07-03,28.9,74.0
2022-07-04,26.5,81.0
2022-07-05,26.2,81.0
2022-07-06,26.0,82.0
2022-07-07,25.5,77.0
2022-07-08,26.0,67.0
2022-07-09,26.6,68.0
2022-07-10,27.4,75.0
2022-07-11,28.1,75.0
2022-07-12,25.9,85.0
2022-07-13,23.7,98.0
2022-07-14,23.8,95.0
2022-07-15,23.8,99.0
2022-07-16,23.5,100.0
2022-07-17,25.4,89.0
2022-07-18,27.5,79.0
2022-07-19,27.4,83.0
2022-07-20,29.7,65.0
2022-07-21,28.1,74.0
2022-07-22,28.3,81.0
2022-07-23,28.7,74.0
2022-07-24,28.3,73.0
2022-07-25,29.2,73.0
2022-07-26,26.6,94.0
2022-07-27,29.4,76.0
2022-07-28,28.8,80.0
2022-07-29,29.1,76.0
2022-07-30,29.9,75.0
2022-07-31,30.8,74.0
2022-08-01,30.6,72.0
2022-08-02,31.6,71.0
2022-08-03,31.5,75.0
2022-08-04,24.6,89.0
2022-08-05,23.8,83.0
2022-08-06,25.2,73.0
2022-08-07,27.6,80.0
2022-08-08,29.8,75.0
2022-08-09,30.9,69.0
2022-08-10,30.5,70.0
2022-08-11,29.5,75.0
2022-08-12,28.3,81.0
2022-08-13,25.5,94.0
2022-08-14,28.2,84.0
2022-08-15,29.4,78.0
2022-08-16,31.0,70.0
2022-08-17,27.3,77.0
2022-08-18,26.8,81.0
2022-08-19,27.5,62.0
2022-08-20,26.4,82.0
2022-08-21,26.0,87.0
2022-08-22,26.2,82.0
2022-08-23,28.7,83.0
2022-08-24,27.8,79.0
2022-08-25,25.7,77.0
2022-08-26,27.0,89.0
2022-08-27,29.0,80.0
2022-08-28,23.7,87.0
2022-08-29,23.3,69.0
2022-08-30,22.8,88.0
2022-08-31,27.1,85.0
2022-09-01,27.1,90.0
2022-09-02,23.2,98.0
2022-09-03,24.6,84.0
2022-09-04,26.1,81.0
2022-09-05,26.6,80.0
2022-09-06,27.8,82.0
2022-09-07,26.8,90.0
2022-09-08,23.5,91.0
2022-09-09,24.5,87.0
2022-09-10,25.3,70.0
2022-09-11,24.4,72.0
2022-09-12,25.8,74.0
2022-09-13,26.1,83.0
2022-09-14,26.7,76.0
2022-09-15,23.6,70.0
2022-09-16,25.1,65.0
2022-09-17,26.9,73.0
2022-09-18,25.2,99.0
2022-09-19,27.1,92.0
2022-09-20,22.3,94.0
2022-09-21,19.5,75.0
2022-09-22,20.3,69.0
2022-09-23,21.7,91.0
2022-09-24,23.1,100.0
2022-09-25,22.9,75.0
2022-09-26,23.3,75.0
2022-09-27,23.2,76.0
2022-09-28,22.8,63.0
2022-09-29,22.4,73.0
2022-09-30,23.2,71.0
2022-10-01,23.6,67.0
2022-10-02,23.5,64.0
2022-10-03,23.0,77.0
2022-10-04,25.2,71.0
2022-10-05,19.8,88.0
2022-10-06,13.1,92.0
2022-10-07,12.4,94.0
2022-10-08,16.1,86.0
2022-10-09,17.0,84.0
2022-10-10,18.1,95.0
2022-10-11,21.6,65.0
2022-10-12,18.5,68.0
2022-10-13,15.8,91.0
2022-10-14,17.9,91.0
2022-10-15,20.2,79.0
2022-10-16,20.0,82.0
2022-10-17,20.1,93.0
2022-10-18,16.2,85.0
2022-10-19,14.6,70.0
2022-10-20,14.7,58.0
2022-10-21,16.7,68.0
2022-10-22,16.6,77.0
2022-10-23,18.2,71.0
2022-10-24,13.3,77.0
2022-10-25,12.8,58.0
2022-10-26,13.8,59.0
2022-10-27,12.8,65.0
2022-10-28,13.5,73.0
2022-10-29,15.8,59.0
2022-10-30,13.8,58.0
2022-10-31,14.7,62.0
2022-11-01,14.8,69.0
2022-11-02,16.7,72.0
2022-11-03,17.8,70.0
2022-11-04,15.5,73.0
2022-11-05,14.0,56.0
2022-11-06,13.5,61.0
2022-11-07,13.7,70.0
2022-11-08,15.9,55.0
2022-11-09,14.6,58.0
2022-11-10,15.2,64.0
2022-11-11,16.1,66.0
2022-11-12,16.6,77.0
2022-11-13,18.0,82.0
2022-11-14,16.1,52.0
2022-11-15,11.1,93.0
2022-11-16,12.4,66.0
2022-11-17,12.8,58.0
2022-11-18,13.2,67.0
2022-11-19,13.7,61.0
2022-11-20,11.6,80.0
2022-11-21,13.4,93.0
2022-11-22,15.4,74.0
2022-11-23,11.7,93.0
2022-11-24,15.3,66.0
2022-11-25,13.5,67.0
2022-11-26,12.7,81.0
2022-11-27,14.4,54.0
2022-11-28,11.7,65.0
2022-11-29,16.7,84.0
2022-11-30,16.6,81.0
2022-12-01,10.1,74.0
2022-12-02,9.4,60.0
2022-12-03,7.8,67.0
2022-12-04,10.2,66.0
2022-12-05,7.6,78.0
2022-12-06,6.1,94.0
2022-12-07,8.5,71.0
2022-12-08,9.3,62.0
2022-12-09,9.3,66.0
2022-12-10,10.4,65.0
2022-12-11,9.5,72.0
2022-12-12,8.2,59.0
2022-12-13,7.2,87.0
2022-12-14,9.2,52.0
2022-12-15,7.0,47.0
2022-12-16,8.2,51.0
2022-12-17,6.7,64.0
2022-12-18,6.5,57.0
2022-12-19,4.9,38.0
2022-12-20,5.4,48.0
2022-12-21,6.5,60.0
2022-12-22,7.2,86.0
2022-12-23,5.4,29.0
2022-12-24,6.2,42.0
2022-12-25,6.9,49.0
2022-12-26,6.3,46.0
2022-12-27,6.8,48.0
2022-12-28,6.5,61.0
2022-12-29,8.1,51.0
2022-12-30,6.6,51.0
2022-12-31,5.7,60.0
